Time,Distance to Obstacle,Distance to Goal
0,0.41710681821815215,0.4729783003675382
0.0,0.4157612045106148,0.47146848554818604
0.01,0.41441597098017535,0.4699627023857664
0.02,0.4130710959760236,0.46846091369473697
0.03,0.41172659971636383,0.4669630748267876
0.04,0.4103824973708435,0.46546914169619363
0.05,0.4090388078593706,0.4639790703783619
0.060000000000000005,0.4076955508330359,0.4624928172864487
0.07,0.40635274663740745,0.4610103392004257
0.08,0.40501041627645656,0.459531593295041
0.09,0.4036685813771823,0.4580565371666449
0.09999999999999999,0.4023272641549991,0.4565851288588613
0.10999999999999999,0.4009865018744561,0.45511729778107723
0.11999999999999998,0.3996463030263382,0.45365303336403184
0.12999999999999998,0.39830669139137426,0.4521922950967222
0.13999999999999999,0.3969676912094352,0.45073504300695727
0.15,0.39562932262977063,0.44928124681949055
0.16,0.3942916153066425,0.4478308582157611
0.17,0.3929545946819086,0.4463838389603815
0.18000000000000002,0.39161828654351744,0.4449401514284501
0.19000000000000003,0.39028271700016853,0.44349975862052415
0.20000000000000004,0.388947927164762,0.44206259581862717
0.21000000000000005,0.3876139288917189,0.4406286565186298
0.22000000000000006,0.3862807491064118,0.43919790566594097
0.23000000000000007,0.3849484149661621,0.4377703088797045
0.24000000000000007,0.383616953841164,0.43634583246251074
0.25000000000000006,0.3822863932966969,0.4349244434088251
0.26000000000000006,0.38095676107661613,0.43350610941248313
0.2700000000000001,0.3796280850882893,0.4320907988725517
0.2800000000000001,0.3783003933447092,0.4306784810394955
0.2900000000000001,0.37697371400057605,0.42926912585664406
0.3000000000000001,0.37564807537425315,0.427862703862022
0.3100000000000001,0.37432350589885394,0.4264591863172963
0.3200000000000001,0.3730000341130106,0.42505854521012654
0.3300000000000001,0.37167768865275647,0.42366075325580255
0.34000000000000014,0.370356498244497,0.42226578389818487
0.35000000000000014,0.36903649169905356,0.4208736113099441
0.36000000000000015,0.3677176979241168,0.4194842104537365
0.37000000000000016,0.3664001460418469,0.41809755749728117
0.38000000000000017,0.36508386509992874,0.4167136288182142
0.3900000000000002,0.3637688842149881,0.4153324015175906
0.4000000000000002,0.3624552325721674,0.41395385341800084
0.4100000000000002,0.361142939424706,0.4125779630601252
0.4200000000000002,0.35983203409403614,0.41120470969942635
0.4300000000000002,0.35852259234847245,0.4098339562514386
0.4400000000000002,0.3572145974757014,0.40846580093119167
0.45000000000000023,0.3559080790054117,0.4071002251274448
0.46000000000000024,0.3546030665421011,0.4057372109267625
0.47000000000000025,0.35329958976807974,0.40437674110853467
0.48000000000000026,0.35199767844692126,0.40301879913969924
0.49000000000000027,0.3506973624272807,0.4016633691693796
0.5000000000000002,0.3493986716471401,0.400310436022948
0.5100000000000002,0.348101636138186,0.3989599851965445
0.5200000000000002,0.34680628404730746,0.3976119843584607
0.5300000000000002,0.3455126475933817,0.39626643884912277
0.5400000000000003,0.344220757117613,0.3949233361454892
0.5500000000000003,0.34293064314042687,0.3935826643708839
0.5600000000000003,0.34164233623958323,0.3922444122850318
0.5700000000000003,0.3403558671155383,0.3909085692791568
0.5800000000000003,0.33907124722778487,0.3895751081103159
0.5900000000000003,0.33778852722117086,0.38824403673037855
0.6000000000000003,0.33650773820526386,0.38691534638291214
0.6100000000000003,0.3352289114375933,0.3855890289146918
0.6200000000000003,0.33395207832947743,0.3842650767683617
0.6300000000000003,0.33267727045172646,0.3829434829749326
0.6400000000000003,0.33140451555173245,0.38162423691875724
0.6500000000000004,0.33013384963409537,0.38030733705556313
0.6600000000000004,0.3288653047806604,0.3789927781362209
0.6700000000000004,0.32759891325513757,0.37768055546955176
0.6800000000000004,0.3263347076103719,0.3763706648952931
0.6900000000000004,0.32507271520382797,0.37506310122738484
0.7000000000000004,0.32381297400499065,0.3737578631394014
0.7100000000000004,0.3225555170564682,0.3724549480951213
0.7200000000000004,0.3213003697903994,0.3711543572956272
0.7300000000000004,0.3200475734425879,0.36985608614757165
0.7400000000000004,0.3187971612978578,0.36856013356886397
0.7500000000000004,0.3175491677090879,0.3672664990734824
0.7600000000000005,0.31630362128344747,0.3659751953332855
0.7700000000000005,0.31506056187910025,0.3646862100110346
0.7800000000000005,0.3138200241037076,0.36339954401978675
0.7900000000000005,0.3125820428083689,0.3621151987308943
0.8000000000000005,0.31134665309248327,0.3608331759653573
0.8100000000000005,0.31011389030869296,0.35955347798484333
0.8200000000000005,0.3088837900678612,0.3582761074826038
0.8300000000000005,0.30765638824402264,0.35700106757452515
0.8400000000000005,0.30643172097944954,0.3557283617898808
0.8500000000000005,0.30520982468975755,0.35445799406209166
0.8600000000000005,0.3039907360690931,0.35318996871941916
0.8700000000000006,0.3027744920954294,0.3519242904754438
0.8800000000000006,0.30156113003594726,0.35066096441966255
0.8900000000000006,0.3003506874525165,0.34939999600791966
0.9000000000000006,0.29914320220744783,0.34814139105261444
0.9100000000000006,0.29793871246918674,0.34688515571310335
0.9200000000000006,0.29673725671830053,0.3456312964858536
0.9300000000000006,0.29553887375360877,0.3443798201945752
0.9400000000000006,0.2943436026984871,0.34313073398030053
0.9500000000000006,0.2931514845240664,0.3418840459715426
0.9600000000000006,0.2919625574774336,0.34063976323058576
0.9700000000000006,0.29077708548632486,0.3393983298705301
0.9800000000000006,0.28959552749555084,0.3381605502874548
0.9900000000000007,0.28841792655195253,0.3369264088635615
1.0000000000000007,0.28724432684731954,0.33569589172373354
1.0100000000000007,0.2860747730122268,0.33446898547527154
1.0200000000000007,0.2849093101140855,0.33324567719963494
1.0300000000000007,0.2837479836553493,0.3320259544441358
1.0400000000000007,0.2825908395719072,0.33080980521354403
1.0500000000000007,0.28143792423166647,0.32959721796162056
1.0600000000000007,0.2802892844333352,0.32838818158257166
1.0700000000000007,0.2791449674054088,0.3271826854024322
1.0800000000000007,0.27800502080537076,0.3259807191703812
1.0900000000000007,0.27686949361441143,0.3247822741389265
1.1000000000000008,0.2757384333919401,0.3235873397735192
1.1100000000000008,0.27461188909130785,0.3223959070279318
1.1200000000000008,0.273489910090084,0.32120796724741196
1.1300000000000008,0.27237254618623646,0.3200235121639563
1.1400000000000008,0.27125984760663924,0.31884253387937916
1.1500000000000008,0.27015186500791216,0.3176650248561326
1.1600000000000008,0.2690486494774793,0.3164909779082192
1.1700000000000008,0.2679502525348771,0.31532038619203684
1.1800000000000008,0.26685672613330247,0.31415324319719257
1.1900000000000008,0.2657681226614075,0.31298954273729074
1.2000000000000008,0.2646844949453223,0.3118292789407084
1.2100000000000009,0.26360589625092773,0.31067244624134305
1.2200000000000009,0.2625323794485119,0.3095190404030838
1.2300000000000009,0.26146399956512084,0.3083690553742633
1.2400000000000009,0.26040081120229625,0.30722248644920364
1.2500000000000009,0.25934286941264667,0.30607932919074454
1.260000000000001,0.25829022970320914,0.3049395794210125
1.270000000000001,0.25724294803900827,0.30380323321221075
1.280000000000001,0.25620108084680066,0.30267028687742387
1.290000000000001,0.25516468548679105,0.3015407368687145
1.300000000000001,0.25413381887198916,0.3004145800219962
1.310000000000001,0.2531085388387528,0.2992918133179879
1.320000000000001,0.2520889037017529,0.29817243394195675
1.330000000000001,0.25107497225846115,0.29705643927474484
1.340000000000001,0.25006680379373114,0.2959438268838993
1.350000000000001,0.24906445808449765,0.29483459451474164
1.360000000000001,0.24806799540449193,0.2937287400816984
1.370000000000001,0.24707747650272696,0.29262626167798644
1.380000000000001,0.2460929626231153,0.291527157558583
1.390000000000001,0.24511451556041858,0.2904314260951194
1.400000000000001,0.24414219761531622,0.2893390658009059
1.410000000000001,0.2431760716197839,0.2882500753088551
1.420000000000001,0.24221620148797052,0.2871644532554758
1.430000000000001,0.24126265055577953,0.28608219860320455
1.440000000000001,0.240315483245362,0.28500331031593545
1.450000000000001,0.23937476451772408,0.28392778745201
1.460000000000001,0.23844055979262987,0.28285562915777446
1.470000000000001,0.23751293512364038,0.28178683465811033
1.480000000000001,0.2365919572139969,0.2807214034366246
1.490000000000001,0.2356776932555553,0.2796593349195033
1.500000000000001,0.23477021096167153,0.27860062852292133
1.5100000000000011,0.23386957871038566,0.27754528385840754
1.5200000000000011,0.23297586565616618,0.27649330064383726
1.5300000000000011,0.23208914102158776,0.2754446783977448
1.5400000000000011,0.23120947563048577,0.2743994169263184
1.5500000000000012,0.23033607364523942,0.2733578506824646
1.5600000000000012,0.22945331740322997,0.27232632280220115
1.5700000000000012,0.22856064286997324,0.27130574968497934
1.5800000000000012,0.22765911796129631,0.2702964493478128
1.5900000000000012,0.22674988337708601,0.26929873945029836
1.6000000000000012,0.22583415173403143,0.26831293458251293
1.6100000000000012,0.224913205120402,0.26733934387852565
1.6200000000000012,0.22398839300165493,0.26637826761923816
1.6300000000000012,0.2230611291053688,0.2654299936187016
1.6400000000000012,0.2221328867625852,0.26449479382852437
1.6500000000000012,0.22120519356790097,0.2635729205306665
1.6600000000000013,0.22027962489659417,0.2626646024966182
1.6700000000000013,0.2193577968764045,0.2617700404145927
1.6800000000000013,0.21844135791262873,0.2608894026386666
1.6900000000000013,0.21753197790048479,0.26002282265043836
1.7000000000000013,0.21663133880305763,0.25917039350695653
1.7100000000000013,0.21574132868714527,0.25833181676498373
1.7200000000000013,0.21486803216467054,0.25750306754680813
1.7300000000000013,0.21400341211862517,0.25669314192467196
1.7400000000000013,0.21315413219174673,0.25589702073691006
1.7500000000000013,0.21232194995331774,0.25511406915552703
1.7600000000000013,0.21150927840525538,0.2543425130660702
1.7700000000000014,0.21071537475275115,0.2535867748687395
1.7800000000000014,0.20995662475076654,0.2528599195547816
1.7900000000000014,0.20924058162519188,0.25217416933167874
1.8000000000000014,0.2085660036828383,0.25152930108853866
1.8100000000000014,0.20793966045456858,0.25093262687262485
1.8200000000000014,0.20734696954922235,0.2503728773552899
1.8300000000000014,0.20678549358931447,0.24984889107865896
1.8400000000000014,0.20625266068158066,0.24935941981897092
1.8500000000000014,0.20574564330657394,0.24890322385850863
1.8600000000000014,0.20526795327288055,0.24848952752971185
1.8700000000000014,0.2048273339753008,0.24810211919452138
1.8800000000000014,0.20443018218657405,0.24773428765120412
1.8900000000000015,0.2040686161669615,0.2473880589514302
1.9000000000000015,0.20373501601997682,0.2470654054618307
1.9100000000000015,0.20342232694783205,0.2467668925142095
1.9200000000000015,0.2031237929044174,0.24649437044368083
1.9300000000000015,0.2028327702345662,0.2462413155632833
1.9400000000000015,0.20254525687555228,0.24601961527494534
1.9500000000000015,0.2022548115534291,0.24582638806054272
1.9600000000000015,0.20195762193044886,0.2456560851746336
1.9700000000000015,0.20164949931994605,0.2455110628186458
1.9800000000000015,0.20133714754908616,0.24538838251150852
1.9900000000000015,0.20101847219735539,0.2452837853918254
2.0000000000000013,0.20069061248473585,0.24519672371055037
2.010000000000001,0.20035125316097827,0.24512673520199127
2.020000000000001,0.19999870219890672,0.24507356812328926
2.0300000000000007,0.19963052467797543,0.24503625617715452
2.0400000000000005,0.19924545259709575,0.24501450792148782
2.0500000000000003,0.19882966286447543,0.24500132277623735
2.06,0.19840712652145337,0.24500939459718696
2.07,0.19796371412739752,0.2450313262478625
2.0799999999999996,0.19749246334824566,0.24506578805461232
2.0899999999999994,0.19700924822073643,0.2451100003630251
2.099999999999999,0.19651995282052576,0.24516165822194988
2.109999999999999,0.19602482746725886,0.24520705021414677
2.1199999999999988,0.1955237331994659,0.2452579956473542
2.1299999999999986,0.19501670471823118,0.24531337981320694
2.1399999999999983,0.1945039000124054,0.2453718982641953
2.149999999999998,0.19398542588230952,0.2454324716058356
2.159999999999998,0.1934747495012109,0.24549074963001583
2.1699999999999977,0.19296421823596416,0.24553505579457732
2.1799999999999975,0.1924770047738943,0.24557798286296464
2.1899999999999973,0.19199955714663486,0.24561194614672988
2.199999999999997,0.1915305945848147,0.24563623955438146
2.209999999999997,0.1910690368849905,0.24565017196631594
2.2199999999999966,0.19061398092579843,0.24565306488436053
2.2299999999999964,0.19016468979772083,0.24564425520562072
2.239999999999996,0.18972058414099538,0.24562310216893055
2.249999999999996,0.18928122022138108,0.24558897801002377
2.259999999999996,0.18884629462904534,0.2455414908167707
2.2699999999999956,0.1884155946138568,0.24547968063835512
2.2799999999999954,0.18798906213391628,0.24540321197523948
2.289999999999995,0.1875667758418199,0.2453121667738509
2.299999999999995,0.18714883200206422,0.24520521012359636
2.3099999999999947,0.18673526104572966,0.24508273922179816
2.3199999999999945,0.18632661677730053,0.24494387687101335
2.3299999999999943,0.1859229742677686,0.24478838244719922
2.339999999999994,0.1855246689832129,0.24461583068569764
2.349999999999994,0.1851320957542608,0.24442580284791393
2.3599999999999937,0.1847457078235456,0.24421789586025588
2.3699999999999934,0.1843660620820209,0.2439917482555546
2.3799999999999932,0.18399391666134862,0.24374687150352223
2.389999999999993,0.18362961673005276,0.24348330356072115
2.399999999999993,0.18328049357628254,0.24319444998532913
2.4099999999999926,0.1829408649579272,0.24288839355088396
2.4199999999999924,0.1826037405630495,0.24256707840369857
2.429999999999992,0.18227722767352308,0.2422257276327662
2.439999999999992,0.18196211255515032,0.24186404556416496
2.4499999999999917,0.18165915895654133,0.24148183735308756
2.4599999999999915,0.1813692483907777,0.2410788295202207
2.4699999999999913,0.18109325422940356,0.24065485865878009
2.479999999999991,0.1808320963868708,0.24020984103802057
2.489999999999991,0.1805867457950991,0.23974386705945733
2.4999999999999907,0.1803577051828497,0.2392567035808901
2.5099999999999905,0.1801449566817231,0.23874792519364726
2.5199999999999902,0.17994964076746053,0.23821758067676252
2.52999999999999,0.17977189171785568,0.23767198009196347
2.53999999999999,0.17960992076332996,0.2371295213052955
2.5499999999999896,0.17947100988004597,0.23658310493123125
2.5599999999999894,0.17933849883853242,0.23604700863224515
2.569999999999989,0.17922009654264665,0.23551408307098892
2.579999999999989,0.17911576910264856,0.23498426016543947
2.5899999999999888,0.1790314878212933,0.23445870261985183
2.5999999999999885,0.17897202405648008,0.23393979251309147
2.6099999999999883,0.17893458382372135,0.23342591287297526
2.619999999999988,0.17891612303331386,0.23291520124981827
2.629999999999988,0.17891736298849975,0.2324103566113626
2.6399999999999877,0.17893392041542672,0.2319118022560096
2.6499999999999875,0.17896975216070343,0.23141602660823474
2.6599999999999873,0.17902268583872857,0.23092195021927603
2.669999999999987,0.1790901940448741,0.23042870543726296
2.679999999999987,0.1791693787587635,0.22993553304906778
2.6899999999999866,0.17926557900421153,0.22944631465427498
2.6999999999999864,0.17937499219248046,0.2289587514045315
2.709999999999986,0.1794960839432363,0.22846955833098984
2.719999999999986,0.17962922712856058,0.22798025931257968
2.7299999999999858,0.17977635950691526,0.22749211510784434
2.7399999999999856,0.17992816891274097,0.22699857296079445
2.7499999999999853,0.1800943055965801,0.22650519923653384
2.759999999999985,0.18027503188920468,0.22601433657989373
2.769999999999985,0.18046416617666786,0.22551982233529333
2.7799999999999847,0.18066517164972692,0.2250260946624126
2.7899999999999845,0.18087381977120928,0.2245303878276824
2.7999999999999843,0.18109590587535054,0.22402764708048556
2.809999999999984,0.18132544330693798,0.2235232370568453
2.819999999999984,0.18155550203691773,0.2230214887781903
2.8299999999999836,0.18179194638814594,0.22251889620841483
2.8399999999999834,0.1820418356817481,0.22200518237619302
2.849999999999983,0.18230471116513763,0.22149224351011065
2.859999999999983,0.18256341979879573,0.22097868853629024
2.869999999999983,0.18283222568736301,0.22045979539980357
2.8799999999999826,0.1831049664108324,0.21994265789043918
2.8899999999999824,0.18338098672452557,0.21942657875793556
2.899999999999982,0.18365777716411794,0.21891530410844265
2.909999999999982,0.18393908000601547,0.21840008987470524
2.9199999999999817,0.18422259522428577,0.21788495269469174
2.9299999999999815,0.18450802780432343,0.21736976666533778
2.9399999999999813,0.18479183998963958,0.21685670002060303
2.949999999999981,0.18508067111584672,0.21634134561435941
2.959999999999981,0.1853743563850262,0.21583112796144707
2.9699999999999807,0.18567717462881939,0.2153234545667604
2.9799999999999804,0.18599007231559297,0.21481608885453915
2.9899999999999802,0.18631175953892065,0.21431255008063593
2.99999999999998,0.1866431863323996,0.2138105862144404
3.00999999999998,0.18698456492973392,0.21330988362816006
3.0199999999999796,0.18733611107385373,0.21281013132526957
3.0299999999999794,0.18769804448719854,0.2123110240848223
3.039999999999979,0.18807059358291653,0.2118122601632919
3.049999999999979,0.18845398640853753,0.21131353898767302
3.0599999999999787,0.1888484636817531,0.21081456543126423
3.0699999999999785,0.18925426709375576,0.21031503679312447
3.0799999999999783,0.1896716475529628,0.20981465990993592
3.089999999999978,0.19010110898485902,0.20931356018374223
3.099999999999978,0.1905429062503425,0.2088114635680412
3.1099999999999777,0.1909972781097135,0.20830806293693482
3.1199999999999775,0.19146418459622203,0.20780252437332872
3.1299999999999772,0.19193782082669594,0.20730465681609883
3.139999999999977,0.1924199274734056,0.2068098435646013
3.149999999999977,0.1929123938882324,0.2063152821212105
3.1599999999999766,0.1934229834648595,0.20582035257450587
3.1699999999999764,0.19394086127892857,0.20533065828468616
3.179999999999976,0.1944599394443783,0.20484245592634723
3.189999999999976,0.19497857681232977,0.2043757437877695
3.1999999999999758,0.19549499005084178,0.20392231918412326
3.2099999999999755,0.19601106032907245,0.2034921778023399
3.2199999999999753,0.19652471311069122,0.20307102215774311
3.229999999999975,0.19703714798337205,0.20266510818882516
3.239999999999975,0.19754844485660877,0.20227372880881594
3.2499999999999747,0.19805872487662218,0.20189613681000992
3.2599999999999745,0.19856814885908508,0.20153154198731496
3.2699999999999743,0.1990769029403889,0.20117905371366762
3.279999999999974,0.19958526369414528,0.20083782308872988
3.289999999999974,0.20009353617320336,0.20050707529590342
3.2999999999999736,0.20060204133117882,0.2001855849322038
3.3099999999999734,0.201111195803017,0.19987269994770154
3.319999999999973,0.20162143933350807,0.1995671956311981
3.329999999999973,0.20213327808194667,0.199267972225567
3.3399999999999728,0.2026472755414981,0.1989738842026518
3.3499999999999726,0.20316405383039307,0.19868374340081332
3.3599999999999723,0.2036842804518192,0.19839629610380458
3.369999999999972,0.20420853408421494,0.19811862511360273
3.379999999999972,0.20473814045058059,0.19783112380035076
3.3899999999999717,0.2052734523756909,0.1975531822530816
3.3999999999999715,0.20582208730406384,0.19726230212624632
3.4099999999999713,0.20637149973971625,0.19697436137552113
3.419999999999971,0.20693249547587345,0.19667838577283728
3.429999999999971,0.20750325406158793,0.19637483883295684
3.4399999999999706,0.20808501308573307,0.19606225936903582
3.4499999999999704,0.20867905094990374,0.19573919438375406
3.45999999999997,0.2092867426962129,0.19540411323518395
3.46999999999997,0.20990951329206264,0.1950554793958523
3.47999999999997,0.21054886653570692,0.19469170431381663
3.4899999999999696,0.21120637443275214,0.1943111593971718
3.4999999999999694,0.21188308258067032,0.19391228250535267
3.509999999999969,0.21258186137927182,0.19349323700583557
3.519999999999969,0.21330387720695534,0.19305236441054965
3.5299999999999687,0.21405094101987995,0.19258791582829857
3.5399999999999685,0.21482860484094343,0.19208903897206697
3.5499999999999683,0.21563151469359415,0.19157215618235496
3.559999999999968,0.21646527663864878,0.1910260044030875
3.569999999999968,0.21733180790817846,0.19044947530824446
3.5799999999999677,0.21823306643342916,0.18984036895691692
3.5899999999999674,0.21917115183844113,0.1891963695490514
3.5999999999999672,0.22014783652800046,0.1885165052256898
3.609999999999967,0.22116524617115516,0.18779841472479913
3.619999999999967,0.22222539545508094,0.1870401902593546
3.6299999999999666,0.22333029152035505,0.1862399208187577
3.6399999999999664,0.22448192413084633,0.18539569783072163
3.649999999999966,0.22567823632124281,0.18451247311613594
3.659999999999966,0.22689488339986758,0.18363198968635006
3.6699999999999657,0.22812849077484793,0.18275907811472356
3.6799999999999655,0.22937857780709994,0.18189360119413125
3.6899999999999653,0.23064468666230376,0.1810354171042638
3.699999999999965,0.2319263736262586,0.1801843889944408
3.709999999999965,0.233223208067614,0.17934038452466167
3.7199999999999647,0.2345347724168057,0.17850327754316891
3.7299999999999645,0.23586066380319062,0.1776729422424683
3.7399999999999642,0.2372004886586537,0.17684926220219432
3.749999999999964,0.23855386677826035,0.1760321223784999
3.759999999999964,0.2399204295485027,0.17522141142031744
3.7699999999999636,0.24129981959516372,0.17441702146118654
3.7799999999999634,0.2426916904016218,0.17361884801902303
3.789999999999963,0.24409570596294117,0.1728267898470886
3.799999999999963,0.24551154045115767,0.17204074879301604
3.8099999999999627,0.2469388778912266,0.17126062966557057
3.8199999999999625,0.2483774118473601,0.17048634010848324
3.8299999999999623,0.2498268451193846,0.16971779048098048
3.839999999999962,0.25128688944875127,0.16895489374459352
3.849999999999962,0.25275726523398895,0.1681975653557953
3.8599999999999617,0.2542377012551832,0.16744572316417503
3.8699999999999615,0.255727934407177,0.1666992873155677
3.8799999999999613,0.257227709441382,0.1659581801603308
3.889999999999961,0.25873677865723244,0.16522232624103145
3.899999999999961,0.26025490174025806,0.16449165211214034
3.9099999999999606,0.26178184554766043,0.1637660862327521
3.9199999999999604,0.2633173838472382,0.16304555893291642
3.92999999999996,0.26486129708386275,0.16233000236274295
3.93999999999996,0.26641337217459493,0.16161935041336628
3.9499999999999598,0.2679734023032179,0.1609135386520251
3.9599999999999596,0.2695411867213908,0.16021250426020142
3.9699999999999593,0.27111653055626744,0.15951618597453465
3.979999999999959,0.272699244624307,0.15882452403049976
3.989999999999959,0.27428914525116854,0.15813746010856514
3.9999999999999587,0.2758860540974237,0.15745493728282944
4.009999999999959,0.2774897979899509,0.15677689997190022
4.019999999999959,0.2791002087588379,0.15610329389192903
4.0299999999999585,0.280717123079578,0.15543406601171086
4.039999999999958,0.2823403823204284,0.15476916450974068
4.049999999999958,0.28396983239476903,0.1541085387330625
4.059999999999958,0.28560532361826896,0.15345213915791517
4.069999999999958,0.2872467105707575,0.15279991735200668
4.079999999999957,0.2888938519625607,0.15215182593844748
4.089999999999957,0.29054661049977853,0.15150781856670642
4.099999999999957,0.2922048527603283,0.1508678498780762
4.109999999999957,0.293868449088029,0.15023187545839803
4.119999999999957,0.29553727346517505,0.14959985181859517
4.129999999999956,0.2972112033994722,0.14897173636529965
4.139999999999956,0.29889011981463887,0.1483474873726933
4.149999999999956,0.3005739069446348,0.14772706395542004
4.159999999999956,0.30226245223134013,0.14711042604260335
4.1699999999999555,0.3039556462256158,0.14649753435281876
4.179999999999955,0.3056533824915863,0.14588835037007716
4.189999999999955,0.30735555677276494,0.14528283692613947
4.199999999999955,0.30906206912394696,0.14468095635999487
4.209999999999955,0.31077282160574676,0.14408267231677555
4.2199999999999545,0.31248771893957245,0.14348794911969975
4.229999999999954,0.3142066684265894,0.14289675175023733
4.239999999999954,0.31592957986931947,0.14230904582908796
4.249999999999954,0.3176563654958338,0.1417247975977099
4.259999999999954,0.3193869398863858,0.14114397390062938
4.269999999999953,0.3211212199024477,0.14056654216835154
4.279999999999953,0.3228591246180442,0.1399924704008996
4.289999999999953,0.3246005752533182,0.1394217271519397
4.299999999999953,0.3263454951102511,0.13885428151346235
4.3099999999999525,0.3280938082067866,0.138290103960497
4.319999999999952,0.329845443127996,0.13772916374760455
4.329999999999952,0.3316003290563663,0.1371714314950816
4.339999999999952,0.333358397019214,0.1366168783054725
4.349999999999952,0.33511957983411583,0.1360654757507585
4.3599999999999515,0.33688381117006927,0.13551719702192938
4.369999999999951,0.3386510282058536,0.13497201337227174
4.379999999999951,0.34042116891677504,0.1344298976336888
4.389999999999951,0.34219417276833264,0.1338908231437208
4.399999999999951,0.3439699807681229,0.13335476365230467
4.40999999999995,0.34574853542103257,0.1328216933111706
4.41999999999995,0.34752978068584023,0.13229158666360588
4.42999999999995,0.349313661933184,0.13176441863458213
4.43999999999995,0.35110012590484185,0.13124016452119958
4.4499999999999496,0.3528891206770397,0.1307187999452663
4.459999999999949,0.3546805956203706,0.13020030086268114
4.469999999999949,0.3564745013570713,0.12968464363314955
4.479999999999949,0.35827078972970866,0.12917180495420175
4.489999999999949,0.3600694137664463,0.1286617618530504
4.4999999999999485,0.36187032764739097,0.12815449167874307
4.509999999999948,0.3636734855522371,0.1276499738461096
4.519999999999948,0.36547884496293054,0.1271481845736274
4.529999999999948,0.3672863633241658,0.12664910213099692
4.539999999999948,0.36909599910799895,0.1261527050807533
4.549999999999947,0.3709077117850377,0.1256589722715787
4.559999999999947,0.37272146179650545,0.1251678828318564
4.569999999999947,0.37453721052999717,0.12467941616355206
4.579999999999947,0.3763549202875692,0.12419355193597427
4.589999999999947,0.3781745542627385,0.12371027007995936
4.599999999999946,0.3799960765160794,0.12322955078217655
4.609999999999946,0.38181945185664506,0.12275137466993961
4.619999999999946,0.3836446460864439,0.12227572224238009
4.629999999999946,0.38547162572671284,0.12180257442106998
4.6399999999999455,0.3873003580740301,0.12133191236237652
4.649999999999945,0.38913081117906595,0.12086371745259214
4.659999999999945,0.3909629538259528,0.12039797130321815
4.669999999999945,0.3927967555122557,0.11993465574639367
4.679999999999945,0.3946321864295419,0.1194737528304519
4.689999999999944,0.39646921744449726,0.11901524481561843
4.699999999999944,0.3983078200805858,0.11855911416985322
4.709999999999944,0.40014796650026246,0.11810534356477888
4.719999999999944,0.40198962948767675,0.11765391587175637
4.729999999999944,0.4038327858015637,0.11720481228309902
4.739999999999943,0.40567740493138543,0.11675801786748798
4.749999999999943,0.4075234619501799,0.11631351726031697
4.759999999999943,0.4093709324894278,0.11587129308643192
4.769999999999943,0.41121979220091975,0.11543132915849409
4.7799999999999425,0.41307001766066326,0.11499361040466599
4.789999999999942,0.4149215851523751,0.11455812005124442
4.799999999999942,0.41677447186914945,0.11412484243681914
4.809999999999942,0.41862865549049016,0.11369376206916909
4.819999999999942,0.4204841141692823,0.11326486362234219
4.8299999999999415,0.42234082679472984,0.11283813299763816
4.839999999999941,0.42419877214111157,0.11241355412628073
4.849999999999941,0.4260579297070089,0.11199111216437808
4.859999999999941,0.42791828156373046,0.11157079274694633
4.869999999999941,0.42977980587809045,0.11115258101459126
4.87999999999994,0.43164248536322936,0.11073646554651774
4.88999999999994,0.43350629912741384,0.11032242918613326
4.89999999999994,0.43537122868282935,0.10991045784031146
4.90999999999994,0.4372372559122952,0.10950053755946094
4.9199999999999395,0.4391043630592926,0.10909265453531015
4.929999999999939,0.44097253271821885,0.10868679509879402
4.939999999999939,0.4428417478248875,0.10828294571798817
4.949999999999939,0.4447119912288064,0.10788109557315169
4.959999999999939,0.44658324694792434,0.10748122883095937
4.9699999999999385,0.4484554988876573,0.1070833323591777
4.979999999999938,0.4503287312590585,0.10668739315504047
4.989999999999938,0.4522029310278773,0.10629340152076151
4.999999999999938,0.4540780853098843,0.10590134403683701
5.009999999999938,0.45595417436439384,0.10551120550255597
5.019999999999937,0.45783118354291125,0.10512297341624152
5.029999999999937,0.4597090984623548,0.10473663539722819
5.039999999999937,0.46158790499752844,0.10435217918431448
5.049999999999937,0.4634675916709407,0.10396959159997905
5.0599999999999365,0.4653481424476808,0.10358886165833488
5.069999999999936,0.46722954393214794,0.10320997744794795
5.079999999999936,0.4691117829580268,0.10283292717108444
5.089999999999936,0.4709948465814813,0.1024576991423704
5.099999999999936,0.4728787195267022,0.10208428475726203
5.1099999999999355,0.4747633918415079,0.10171266955741011
5.119999999999935,0.47664885120943423,0.10134284218735694
5.129999999999935,0.4785350855104569,0.10097479139901229
5.139999999999935,0.48042207638172635,0.10060852426245072
5.149999999999935,0.48230981860426164,0.10024401137481814
5.159999999999934,0.48419830398739555,0.09988124074266594
5.169999999999934,0.4860875218785591,0.09952020141117877
5.179999999999934,0.48797745694239786,0.09916088384746524
5.189999999999934,0.48986809810814763,0.09880327742541842
5.199999999999934,0.4917594344595729,0.09844737161883374
5.209999999999933,0.4936514552292601,0.09809315600045758
5.219999999999933,0.4955441497929639,0.09774062024105888
5.229999999999933,0.49743750766400024,0.09738975410852709
5.239999999999933,0.4993315184424937,0.09704054749395387
5.2499999999999325,0.501226171889999,0.09669299036293237
5.259999999999932,0.5031214578995251,0.09634707276933838
5.269999999999932,0.5050173664795703,0.09600278486076554
5.279999999999932,0.5069138877486541,0.0956601168777252
5.289999999999932,0.5088110119298624,0.09531905915286316
5.299999999999931,0.5107087293453931,0.09497960211019094
5.309999999999931,0.5126070304110971,0.09464173626433203
5.319999999999931,0.5145059056310077,0.09430545221978044
5.329999999999931,0.5164053455918552,0.0939707406701687
5.339999999999931,0.5183053409575509,0.09363759239754658
5.34999999999993,0.5202058824636421,0.09330599827166568
5.35999999999993,0.5221069609117258,0.09297594924927007
5.36999999999993,0.5240085671638149,0.09264743637338736
5.37999999999993,0.5259106921366474,0.09232045077262337
5.3899999999999295,0.5278133267959347,0.09199498366045136
5.399999999999929,0.5297164621505355,0.09167102633449775
5.409999999999929,0.5316200892465505,0.09134857017581899
5.419999999999929,0.5335241991613301,0.0910276066481647
5.429999999999929,0.535428782997383,0.09070812729722859
5.4399999999999284,0.5373338318761784,0.09039012374987498
5.449999999999928,0.5392393369318366,0.09007358771334362
5.459999999999928,0.5411452893046912,0.08975851097442229
5.469999999999928,0.5430516801347212,0.08944488539858471
5.479999999999928,0.5449585005548405,0.08913270292908565
5.489999999999927,0.5468657416840339,0.08882195558600608
5.499999999999927,0.5487733946203347,0.08851263546524168
5.509999999999927,0.5506814504336297,0.08820473473742538
5.519999999999927,0.5525899001582876,0.08789824564677154
5.5299999999999265,0.5544987347855975,0.0875931605098364
5.539999999999926,0.5564079486349945,0.08728946487011253
5.549999999999926,0.5583175291369554,0.08698715812969013
5.559999999999926,0.5602274671067519,0.08668623281327525
5.569999999999926,0.5621377532842753,0.08638668151181794
5.5799999999999255,0.5640483783254167,0.08608849688062394
5.589999999999925,0.565959332793217,0.0857916716372841
5.599999999999925,0.5678706071487833,0.08549619855939328
5.609999999999925,0.5697821917419688,0.08520207048204083
5.619999999999925,0.5716940768018128,0.084909280295037
5.629999999999924,0.5736062524267485,0.08461782093984702
5.639999999999924,0.575518708574576,0.08432768540619705
5.649999999999924,0.5774314350522126,0.08403886672831175
5.659999999999924,0.5793444215052282,0.08375135798074165
5.6699999999999235,0.5812576574071807,0.08346515227372878
5.679999999999923,0.5831711320487725,0.08318024274806121
5.689999999999923,0.5850848345268493,0.08289662256935218
5.699999999999923,0.5869987537332755,0.08261428492168131
5.709999999999923,0.5889128783437213,0.08233322300052559
5.7199999999999225,0.5908271968064095,0.082053430004894
5.729999999999922,0.5927416973308759,0.08177489912858393
5.739999999999922,0.5946563678768103,0.08149762355045774
5.749999999999922,0.5965711961430535,0.08122159642363015
5.759999999999922,0.5984861695568463,0.08094681086345108
5.769999999999921,0.600401275263429,0.0806732599341522
5.779999999999921,0.6023165001161245,0.08040093663401322
5.789999999999921,0.6042318306670392,0.080129833878894
5.799999999999921,0.606147253158551,0.07985994448396305
5.809999999999921,0.6080627535157676,0.07959126114343519
5.81999999999992,0.6099783173075864,0.07932377632561813
5.82999999999992,0.6118939297220082,0.07905748219897125
5.83999999999992,0.6138095756986933,0.07879237094815716
5.84999999999992,0.6157252398442441,0.07852843453166862
5.8599999999999195,0.6176409064333527,0.07826566464828362
5.869999999999919,0.619556559412699,0.0780040527000808
5.879999999999919,0.62147218240803,0.07774358975171557
5.889999999999919,0.6233877587348987,0.07748426648564441
5.899999999999919,0.6253032714135923,0.07722607315297349
5.909999999999918,0.6272187031888319,0.0769689995195944
5.919999999999918,0.6291340365548735,0.07671303480727523
5.929999999999918,0.6310492537867007,0.07645816762936064
5.939999999999918,0.6329643369780525,0.07620438592075761
5.949999999999918,0.6348792680870784,0.07595167686188825
5.959999999999917,0.6367940289904663,0.07570002679632046
5.969999999999917,0.6387086015469318,0.07544942114182708
5.979999999999917,0.6406229676709945,0.07519984429467591
5.989999999999917,0.6425371094179891,0.07495127952702377
5.9999999999999165,0.6444510090812762,0.0747037088773805
6.009999999999916,0.6463646493026066,0.0744571130342228
6.019999999999916,0.6482780131965635,0.07421147121297943
6.029999999999916,0.650191084489951,0.07396676102678121
6.039999999999916,0.6521038476769008,0.07372295835157472
6.0499999999999154,0.6540162881903433,0.07348003718643477
6.059999999999915,0.6559283925902976,0.07323796951017617
6.069999999999915,0.6578401487691278,0.07299672513548362
6.079999999999915,0.6597515461741291,0.07275627156335752
6.089999999999915,0.6616625760463664,0.07251657383843886
6.099999999999914,0.6635732316753874,0.07227759440892484
6.109999999999914,0.6654835086683726,0.07203929299384781
6.119999999999914,0.667393405231821,0.07180162646123303
6.129999999999914,0.6693029224632482,0.07156454872113972
6.1399999999999135,0.6712120646496672,0.07132801063804314
6.149999999999913,0.6731208396232814,0.0710919598960959
6.159999999999913,0.6750292592309326,0.07085634074552133
6.169999999999913,0.6769373388270034,0.07062109505314842
6.179999999999913,0.6788460684708559,0.07038459801308673
6.1899999999999125,0.680755839163923,0.07014632030087062
6.199999999999912,0.6826668049260015,0.06990611026048871
6.209999999999912,0.6845788703175772,0.06966428354168128
6.219999999999912,0.6864920242824557,0.06942097371557072
6.229999999999912,0.6884062603864881,0.06917629939155627
6.239999999999911,0.690321571123221,0.06893037408295705
6.249999999999911,0.692237948035593,0.06868330639818117
6.259999999999911,0.6941553818260839,0.0684352002281839
6.269999999999911,0.6960738624560088,0.06818615492978981
6.2799999999999105,0.697993368953697,0.067936281306458
6.28999999999991,0.6999139108383411,0.06768563774291159
6.29999999999991,0.7018354658465856,0.06743432770745743
6.30999999999991,0.703758011602788,0.06718244911847707
6.31999999999991,0.705681556126836,0.06693005049846601
6.3299999999999095,0.7076060761309425,0.0666772233541549
6.339999999999909,0.7095315584535502,0.06642404000907366
6.349999999999909,0.71145798012884,0.06617058262902212
6.359999999999909,0.7133853375714772,0.06591690280279058
6.369999999999909,0.7153136170544686,0.0656630635244353
6.379999999999908,0.7172428136529797,0.0654091134170297
6.389999999999908,0.7191728953616631,0.06515513354313988
6.399999999999908,0.7211038573040018,0.0649011664631325
6.409999999999908,0.7230356936241596,0.06464725446421539
6.419999999999908,0.7249683736569796,0.06439346782366503
6.429999999999907,0.7269018917231477,0.06413984348230514
6.439999999999907,0.7288362337684785,0.0638864267034181
6.449999999999907,0.7307713857755362,0.06363326061656621
6.459999999999907,0.7327073407195351,0.06338037867796642
6.4699999999999065,0.7346440706567056,0.06312783572750376
6.479999999999906,0.736581568875128,0.06287566089984369
6.489999999999906,0.7385198278719156,0.06262388315633628
6.499999999999906,0.7404588214192757,0.06237254955938376
6.509999999999906,0.7423985481564341,0.06212167946049157
6.519999999999905,0.7443389885555733,0.061871309797639745
6.529999999999905,0.7462801293609787,0.061621469460592576
6.539999999999905,0.7482219574509461,0.06137218588057464
6.549999999999905,0.7501644598439754,0.061123485090505386
6.559999999999905,0.752107623704302,0.060875391782769836
6.569999999999904,0.7540514363468178,0.060627929364623044
6.579999999999904,0.7559958808138957,0.06038112403817914
6.589999999999904,0.7579409536949765,0.06013498849034363
6.599999999999904,0.7598866382455884,0.05988954687266866
6.6099999999999035,0.7618329224217902,0.059644817961909694
6.619999999999903,0.7637797943471967,0.05940081949473074
6.629999999999903,0.7657272423150628,0.05915756821092697
6.639999999999903,0.7676752547900092,0.0589150798949103
6.649999999999903,0.7696238170095847,0.058673372311698745
6.659999999999902,0.7715729246663416,0.05843245347695025
6.669999999999902,0.7735225632627917,0.058192339627485816
6.679999999999902,0.7754727189143603,0.05795304565654702
6.689999999999902,0.7774233871223459,0.057714577879465094
6.699999999999902,0.7793745514436053,0.057476952195518294
6.709999999999901,0.7813262045674918,0.057240176140502225
6.719999999999901,0.7832783363482118,0.05700425917805159
6.729999999999901,0.7852309368147423,0.05676921012132257
6.739999999999901,0.7871839986330185,0.0565350351476644
6.7499999999999005,0.7891375071920883,0.05630174600850319
6.7599999999999,0.791091455565889,0.05606934757847638
6.7699999999999,0.7930458366975163,0.05583784453245636
6.7799999999999,0.7950006391223885,0.05560724481196564
6.7899999999999,0.7969558539034417,0.05537755386180707
6.7999999999998995,0.79891147227018,0.055148776649009
6.809999999999899,0.8008674856171316,0.05492091768358401
6.819999999999899,0.8028238836163233,0.054693982543625355
6.829999999999899,0.8047806618093634,0.05446797176674221
6.839999999999899,0.8067378101381459,0.05424289022446212
6.849999999999898,0.8086953206400381,0.05401874079042897
6.859999999999898,0.8106531855085052,0.05379552597338492
6.869999999999898,0.8126113954834584,0.05357324918484585
6.879999999999898,0.8145699447681763,0.053351910854644594
6.8899999999998975,0.8165288275188007,0.0531315113395054
6.899999999999897,0.81848803346593,0.05291205426149315
6.909999999999897,0.8204475585239404,0.05269353821678833
6.919999999999897,0.8224073942725667,0.05247596505440478
6.929999999999897,0.8243675339415418,0.05225933514932744
6.9399999999998965,0.8263279696090851,0.05204364956117173
6.949999999999896,0.8282886974060507,0.05182890620988556
6.959999999999896,0.8302497096406692,0.05161510578068923
6.969999999999896,0.8322109989135118,0.051402248519950185
6.979999999999896,0.8341725615208421,0.051190331949617425
6.989999999999895,0.8361343902816155,0.05097935600297364
6.999999999999895,0.838096478290371,0.050769320209784835
7.009999999999895,0.8400588209741331,0.05056022242184846
7.019999999999895,0.8420214137393919,0.05035206053327641
7.0299999999998946,0.8439842500419815,0.050144833612223966
7.039999999999894,0.8459473245290117,0.04993853983876766
7.049999999999894,0.8479106319635845,0.04973317724725176
7.059999999999894,0.8498741663488731,0.04952874418019737
7.069999999999894,0.8518379236147758,0.04932523783288524
7.0799999999998935,0.8538018996725312,0.04912265548017792
7.089999999999893,0.8557660880607226,0.04892099546973767
7.099999999999893,0.8577304849418415,0.04872025476102841
7.109999999999893,0.8596950857297739,0.048520430663130464
7.119999999999893,0.8616598859401471,0.048321520385375
7.129999999999892,0.863624881864126,0.0481235208613316
7.139999999999892,0.8655900678280759,0.047926429561432844
7.149999999999892,0.8675554409768576,0.0477302430537091
7.159999999999892,0.8695209965298367,0.04753495842660165
7.169999999999892,0.8714867304840308,0.047340572466010984
7.179999999999891,0.8734526389267495,0.04714708188811946
7.189999999999891,0.8754187180337791,0.04695448334367515
7.199999999999891,0.8773849640675978,0.046762773422095914
7.209999999999891,0.8793513728982364,0.046571948559186706
7.2199999999998905,0.8813179414896489,0.04638200522026897
7.22999999999989,0.8832846663522835,0.04619293983720163
7.23999999999989,0.8852515444860583,0.04600474898671668
7.24999999999989,0.8872185717080963,0.04581742870274852
7.25999999999989,0.8891857455724446,0.04563097565300983
7.269999999999889,0.8911530624801867,0.04544538595319094
7.279999999999889,0.8931205193262571,0.0452606558300118
7.289999999999889,0.895088113077347,0.04507678147880171
7.299999999999889,0.8970558407703679,0.04489375906616372
7.309999999999889,0.8990236995111197,0.044711584732262825
7.319999999999888,0.900991686472719,0.04453025459339203
7.329999999999888,0.9029597988941581,0.04434976474427777
7.339999999999888,0.9049280340788876,0.0441701112602877
7.349999999999888,0.9068963893934281,0.043991290199534745
7.3599999999998875,0.9088648622660045,0.04381329760489016
7.369999999999887,0.9108334501852082,0.04363612950590336
7.379999999999887,0.9128021505601058,0.04345978136668641
7.389999999999887,0.9147709613001653,0.04328425023866517
7.399999999999887,0.9167398799009944,0.04310953163486816
7.4099999999998865,0.9187089039891754,0.042935620938016575
7.419999999999886,0.92067803146736,0.04276251466840979
7.429999999999886,0.9226472601579936,0.042590208814932654
7.439999999999886,0.9246165879352259,0.042418699364277314
7.449999999999886,0.9265860127563412,0.042247982976748304
7.459999999999885,0.9285555325063687,0.042078054348201804
7.469999999999885,0.9305251452650708,0.04190891008049286
7.479999999999885,0.9324948491021695,0.041740546164112706
7.489999999999885,0.9344646421335885,0.04157295859332444
7.4999999999998845,0.9364345224903571,0.04140614410021974
7.509999999999884,0.9384044883748511,0.04124009801946587
7.519999999999884,0.9403745380890186,0.041074815609226135
7.529999999999884,0.9423446698419596,0.040910294332924625
7.539999999999884,0.9443148819974876,0.04074652951840001
7.5499999999998835,0.946285172929269,0.040583517199036856
7.559999999999883,0.9482555410503395,0.0404212534182309
7.569999999999883,0.9502259848122109,0.0402597342300946
7.579999999999883,0.9521965027039965,0.04009895570012886
7.589999999999883,0.9541670932515566,0.039938913905855106
7.599999999999882,0.9561377550166602,0.039779604937414816
7.609999999999882,0.9581084865961678,0.03962102489813401
7.619999999999882,0.9600792867551352,0.03946316912644164
7.629999999999882,0.9620501540463355,0.039306034492117115
7.6399999999998816,0.9640210871657254,0.0391496171441991
7.649999999999881,0.9659920846917384,0.0389939140164967
7.659999999999881,0.9679631455138374,0.03883892055341978
7.669999999999881,0.9699342684232211,0.03868463294747795
7.679999999999881,0.9719054522409178,0.038531047407498784
7.6899999999998805,0.9738766959811072,0.038378159413022916
7.69999999999988,0.975847998207708,0.03822596666315967
7.70999999999988,0.9778193581460186,0.03807446397879104
7.71999999999988,0.9797907745751749,0.037923648342653805
7.72999999999988,0.9817622462847375,0.037773516757750265
7.739999999999879,0.9837337725866427,0.03762406416075097
7.749999999999879,0.9857053521651848,0.03747528823723233
7.759999999999879,0.987676984214117,0.03732718467602208
7.769999999999879,0.9896486677937697,0.03717974984567434
7.779999999999879,0.9916204021524982,0.03703297950016551
7.789999999999878,0.9935921862402931,0.03688687066925473
7.799999999999878,0.9955640190258098,0.03674142038094238
7.809999999999878,0.9975358998132604,0.036596624489183674
7.819999999999878,0.9995078277755937,0.03645247945819713
7.8299999999998775,1.0014798021067257,0.036308981771704045
7.839999999999877,1.0034518220210484,0.036166127933020015
7.849999999999877,1.0054238868948275,0.03602391395793658
7.859999999999877,1.0073959957052345,0.03588233738367947
7.869999999999877,1.009368147859881,0.035741394286038376
7.879999999999876,1.0113403427777812,0.035601080801473575
7.889999999999876,1.0133125796419429,0.035461393982097536
7.899999999999876,1.015284857779135,0.03532233045174424
7.909999999999876,1.0172571765335003,0.03518388685410657
7.919999999999876,1.019229535266151,0.03504605985274787
7.929999999999875,1.021201933256494,0.03490884646859589
7.939999999999875,1.0231743700905156,0.03477224274295158
7.949999999999875,1.0251468450841634,0.034636245723172386
7.959999999999875,1.0271193575838597,0.03450085242290932
7.9699999999998745,1.029091907183485,0.03436605907435513
7.979999999999874,1.0310644871340544,0.03423187918237812
7.989999999999874,1.0330371032432346,0.034098292830517976
7.999999999999874,1.0350097549744424,0.03396529687450017
8.009999999999874,1.03698244180571,0.03383288818812263
8.019999999999873,1.0389551632293317,0.03370106366326277
8.029999999999873,1.040927918751517,0.03356982020987943
8.039999999999873,1.0429007078920518,0.03343915475600658
8.049999999999873,1.0448735301839687,0.03330906424774413
8.059999999999873,1.0468463851732235,0.03317954564924085
8.069999999999872,1.0488192724183811,0.0330505959426733
8.079999999999872,1.0507921914903051,0.03292221212821837
8.089999999999872,1.0527651419721478,0.032794391230808156
8.099999999999872,1.0547381234589541,0.03266713031724002
8.109999999999872,1.056711135554565,0.03254042644479834
8.119999999999871,1.058684177874091,0.032414276688401286
8.129999999999871,1.0606572494995512,0.032288681539466804
8.139999999999871,1.062630348554037,0.03216364451687146
8.14999999999987,1.064603474189643,0.0320391630231466
8.15999999999987,1.0665766256906888,0.031915234323507395
8.16999999999987,1.0685498023689084,0.03179185573695121
8.17999999999987,1.0705230036944515,0.03166902443347852
8.18999999999987,1.072496229192985,0.03154673757042002
8.19999999999987,1.0744694784401707,0.03142499229597027
8.20999999999987,1.0764427510566672,0.031303785752359876
8.21999999999987,1.0784160467035988,0.031183115078700144
8.229999999999869,1.0803893650784582,0.031062977413530934
8.239999999999869,1.0823627059113978,0.0309433698971025
8.249999999999869,1.0843360689618842,0.030824289673413958
8.259999999999868,1.086309454015666,0.03070573389203353
8.269999999999868,1.0882828608820467,0.030587699709721278
8.279999999999868,1.0902562893914167,0.030470184291872447
8.289999999999868,1.0922297393930316,0.030353184813800928
8.299999999999867,1.0942032107530109,0.030236698461873934
8.309999999999867,1.096176703352534,0.030120722434519666
8.319999999999867,1.098150217086218,0.030005253943111074
8.329999999999867,1.1001237518606608,0.02989029021274633
8.339999999999867,1.1020973075931286,0.029775828482930613
8.349999999999866,1.1040708842035787,0.02966186601605139
8.359999999999866,1.106044481614867,0.0295484000964385
8.369999999999866,1.108018099770648,0.02943542800899412
8.379999999999866,1.1099917386211808,0.029322947055015206
8.389999999999866,1.111965398122573,0.02921095455251398
8.399999999999865,1.1139390782361096,0.029099447836488396
8.409999999999865,1.1159127789276486,0.028988424259145797
8.419999999999865,1.1178865001670888,0.028877881190083273
8.429999999999865,1.1198602419278876,0.02876781601643296
8.439999999999864,1.1218340041866426,0.028658226142971338
8.449999999999864,1.123807786922712,0.028549108992199812
8.459999999999864,1.1257815901178823,0.028440462004398218
8.469999999999864,1.1277554137560726,0.028332282637651585
8.479999999999864,1.1297292578230742,0.02822456836786012
8.489999999999863,1.1317031223063219,0.028117316688724813
8.499999999999863,1.1336770071946902,0.02801052511171896
8.509999999999863,1.135650912478317,0.027904191166043164
8.519999999999863,1.1376248381484477,0.027798312398566817
8.529999999999863,1.1395987841972992,0.027692886373758014
8.539999999999862,1.1415727506179427,0.027587910673601557
8.549999999999862,1.1435467374042003,0.027483382897509408
8.559999999999862,1.1455207445505555,0.027379300662220926
8.569999999999862,1.1474947720520783,0.027275661601696987
8.579999999999862,1.1494688199043581,0.027172463367007637
8.589999999999861,1.1514428881034482,0.027069703626213644
8.599999999999861,1.1534169766458175,0.026967380064244567
8.60999999999986,1.1553910855283116,0.026865490382771192
8.61999999999986,1.1573652147481173,0.0267640323000746
8.62999999999986,1.1593393643027359,0.026663003550914718
8.63999999999986,1.16131353418996,0.02656240188639303
8.64999999999986,1.1632877244078539,0.026462225073815578
8.65999999999986,1.1652619349547395,0.026362470896553403
8.66999999999986,1.1672361658291852,0.026263137153902685
8.67999999999986,1.1692104170299946,0.026164221660942344
8.68999999999986,1.1711846885562018,0.02606572224839234
8.699999999999859,1.1731589804070672,0.025967636762471866
8.709999999999859,1.1751332925820719,0.025869963064755426
8.719999999999859,1.1771076250809196,0.025772699032031537
8.729999999999858,1.179081977903533,0.025675842556159637
8.739999999999858,1.181056351050057,0.025579391543928954
8.749999999999858,1.1830307445208572,0.025483343916915473
8.759999999999858,1.185005158316524,0.02538769761134308
8.769999999999857,1.1869795924378743,0.025292450577942552
8.779999999999857,1.1889540468859527,0.025197600781812282
8.789999999999857,1.1909285216620356,0.025103146202280827
8.799999999999857,1.192903016767633,0.025009084832769226
8.809999999999857,1.1948775322044924,0.02491541468065532
8.819999999999856,1.1968520679746006,0.024822133767138
8.829999999999856,1.1988266240801861,0.02472924012710487
8.839999999999856,1.2008012005237219,0.02463673180899881
8.849999999999856,1.2027757973079283,0.024544606874686677
8.859999999999856,1.2047504144357737,0.02445286339933034
8.869999999999855,1.206725051910477,0.024361499471257472
8.879999999999855,1.2086997097355092,0.024270513191833716
8.889999999999855,1.2106743879145938,0.024179902675338247
8.899999999999855,1.212649086451708,0.0240896660488381
8.909999999999854,1.2146238053510836,0.023999801452065483
8.919999999999854,1.2165985446172065,0.02391030703729641
8.929999999999854,1.2185733042548166,0.023821180969229246
8.939999999999854,1.2205480842689083,0.023732421424867103
8.949999999999854,1.2225228846647278,0.02364402659339925
8.959999999999853,1.2244977054477746,0.023555994676085577
8.969999999999853,1.2264725466237976,0.0234683238861408
8.979999999999853,1.2284474081987957,0.02338101244862242
8.989999999999853,1.230422290179013,0.02329405860031735
8.999999999999853,1.2323971925709403,0.023207460589631662
9.009999999999852,1.2343721153813096,0.02312121667648125
9.019999999999852,1.2363470586170924,0.023035325132183374
9.029999999999852,1.2383220222854971,0.02294978423935026
9.039999999999852,1.2402970063939653,0.022864592291783517
9.049999999999851,1.2422720109501688,0.022779747594369706
9.059999999999851,1.2442470359620053,0.022695248462977744
9.069999999999851,1.246222081437596,0.022611093224357313
9.07999999999985,1.24819714738528,0.022527280216037244
9.08999999999985,1.250172233813612,0.022443807786228075
9.09999999999985,1.2521473407313564,0.022360674293723473
9.10999999999985,1.2541224681474832,0.0222778781078024
9.11999999999985,1.2560976160711648,0.0221954176081355
9.12999999999985,1.2580727845117698,0.022113291184688463
9.13999999999985,1.2600479734788599,0.022031497237630714
9.14999999999985,1.2620231829821826,0.02195003417724208
9.15999999999985,1.2639984130316686,0.021868900423822276
9.169999999999849,1.2659736636374261,0.021788094407600742
9.179999999999849,1.2679489348097355,0.021707614568648215
9.189999999999849,1.2699242265590442,0.021627459356788843
9.199999999999848,1.2718995388959617,0.021547627231513173
9.209999999999848,1.2738748718312547,0.02146811666189303
9.219999999999848,1.2758502253758415,0.021388926126496968
9.229999999999848,1.2778255995407852,0.02131005411330633
9.239999999999847,1.279800994337293,0.02123149911963304
9.249999999999847,1.281776409776705,0.021153259652037806
9.259999999999847,1.2837518458704935,0.021075334226249617
9.269999999999847,1.285727302630255,0.02099772136708654
9.279999999999847,1.2877027800677063,0.02092041960837608
9.289999999999846,1.289678278194679,0.020843427492878302
9.299999999999846,1.2916537970231132,0.020766743572209274
9.309999999999846,1.293629336565054,0.020690366406763857
9.319999999999846,1.2956048968326446,0.020614294565641917
9.329999999999846,1.297580477838123,0.020538526626573624
9.339999999999845,1.2995560795938135,0.020463061175847064
9.349999999999845,1.3015317021121253,0.020387896808233674
9.359999999999845,1.3035073454055464,0.02031303212691963
9.369999999999845,1.3054830094866359,0.02023846574343287
9.379999999999844,1.3074586943680229,0.02016419627757422
9.389999999999844,1.3094344000623988,0.020090222357347785
9.399999999999844,1.311410126582514,0.0200165426188935
9.409999999999844,1.3133858739411712,0.01994315570641848
9.419999999999844,1.3153616421512224,0.019870060272131153
9.429999999999843,1.317337431225564,0.01979725497617475
9.439999999999843,1.3193132411771304,0.019724738486562993
9.449999999999843,1.3212890720188915,0.01965250947911386
9.459999999999843,1.3232649237638465,0.0195805666373879
9.469999999999843,1.3252407964250206,0.019508908652623856
9.479999999999842,1.3272166900154596,0.01943753422367666
9.489999999999842,1.3291926045482259,0.01936644205695604
9.499999999999842,1.3311685400363944,0.019295630866365685
9.509999999999842,1.3331444964930481,0.019225099373241947
9.519999999999841,1.3351204739312736,0.0191548463062961
9.529999999999841,1.3370964723641572,0.019084870401553433
9.539999999999841,1.3390724918047814,0.019015170402296902
9.54999999999984,1.3410485322662196,0.01894574505900778
9.55999999999984,1.3430245937615335,0.01887659312931
9.56999999999984,1.3450006763037683,0.018807713377912722
9.57999999999984,1.3469767799059498,0.018739104576555626
9.58999999999984,1.3489529045810797,0.01867076550395303
9.59999999999984,1.3509290503421323,0.018602694945739535
9.60999999999984,1.352905217202052,0.018534891694416227
9.61999999999984,1.3548814051737479,0.018467354549297276
9.62999999999984,1.3568576142700919,0.01840008231645682
9.639999999999839,1.3588338445039139,0.01833307380867735
9.649999999999839,1.360810095888,0.01826632784539742
9.659999999999838,1.3627863684350887,0.01819984325266104
9.669999999999838,1.3647626621578668,0.018133618863066654
9.679999999999838,1.366738977068968,0.018067653515717343
9.689999999999838,1.3687153131809675,0.01800194605617164
9.699999999999838,1.3706916705063819,0.017936495336393656
9.709999999999837,1.3726680490576637,0.017871300214705736
9.719999999999837,1.3746444488472005,0.017806359555739813
9.729999999999837,1.3766208698873101,0.017741672230389492
9.739999999999837,1.37859731219024,0.017677237115764247
9.749999999999837,1.3805737757681626,0.01761305309514251
9.759999999999836,1.3825502606331745,0.017549119057924896
9.769999999999836,1.3845267667972923,0.0174854338995899
9.779999999999836,1.3865032942724513,0.017421996521647755
9.789999999999836,1.388479843070503,0.01735880583159669
9.799999999999836,1.3904564132032118,0.017295860742878064
9.809999999999835,1.3924330046822528,0.017233160174833617
9.819999999999835,1.394409617519211,0.017170703052661152
9.829999999999835,1.3963862517255778,0.017108488307372365
9.839999999999835,1.398362907312749,0.017046514875750728
9.849999999999834,1.4003395842920223,0.016984781700308527
9.859999999999834,1.402316282674597,0.016923287729246558
9.869999999999834,1.40429300247157,0.016862031916411946
9.879999999999834,1.4062697436939349,0.01680101322125823
9.889999999999834,1.4082465063525798,0.016740230608805175
9.899999999999833,1.4102232904582859,0.016679683049597674
9.909999999999833,1.4122000960217254,0.016619369519667502
9.919999999999833,1.4141769230534595,0.016559289000493718
9.929999999999833,1.4161537715639372,0.016499440478964077
9.939999999999833,1.418130641563493,0.016439822947336702
9.949999999999832,1.4201075330623472,0.016380435403201582
9.959999999999832,1.4220844460706015,0.016321276849443695
9.969999999999832,1.424061380598239,0.01626234629420574
9.979999999999832,1.426038336655124,0.016203642750850452
9.989999999999831,1.4280153142509981,0.016145165237925137
9.999999999999831,1.4299923133954808,0.01608691277912467
10.009999999999831,1.4319693340980668,0.016028884403256463
10.01999999999983,1.433946376368126,0.015971079144203967
10.02999999999983,1.4359234402149017,0.015913496040892573
10.03999999999983,1.4379005256475086,0.01585613413725424
10.04999999999983,1.4398776326749332,0.01579899248219315
10.05999999999983,1.4418547613060317,0.015742070129551353
10.06999999999983,1.443831911549529,0.01568536613807545
10.07999999999983,1.445809083414018,0.015628879571382582
10.08999999999983,1.4477862769079581,0.015572609497927714
10.09999999999983,1.4497634920396751,0.015516554990970096
10.109999999999829,1.4517407288173596,0.015460715128541212
10.119999999999829,1.4537179872490653,0.015405088993412561
10.129999999999828,1.455695267342711,0.015349675673063355
10.139999999999828,1.4576725691060763,0.0152944742596491
10.149999999999828,1.4596498925468029,0.015239483849969966
10.159999999999828,1.4616272376723938,0.015184703545439658
10.169999999999828,1.4636046044902111,0.015130132452055422
10.179999999999827,1.4655819930074778,0.015075769680366119
10.189999999999827,1.4675594032312747,0.015021614345443185
10.199999999999827,1.4695368351685414,0.014967665566849964
10.209999999999827,1.4715142888260742,0.014913922468612131
10.219999999999827,1.4734917642105272,0.014860384179189251
10.229999999999826,1.4754692613284108,0.014807049831443434
10.239999999999826,1.477446780186092,0.014753918562612437
10.249999999999826,1.4794243207897928,0.014700989514280314
10.259999999999826,1.4814018831455893,0.014648261832348464
10.269999999999825,1.483379467259414,0.014595734667009037
10.279999999999825,1.485357073137053,0.014543407172714556
10.289999999999825,1.4873347007841453,0.014491278508153307
10.299999999999825,1.4893123502061856,0.014439347836219448
10.309999999999825,1.49129002140852,0.014387614323986508
10.319999999999824,1.4932677143963482,0.014336077142681933
10.329999999999824,1.4952454291747226,0.01428473546765813
10.339999999999824,1.497223165748548,0.01423358847836716
10.349999999999824,1.4992009241225808,0.014182635358335256
10.359999999999824,1.5011787043014306,0.014131875295134919
10.369999999999823,1.5031565062895582,0.014081307480361209
10.379999999999823,1.5051343300912756,0.01403093110960476
10.389999999999823,1.5071121757107468,0.013980745382426722
10.399999999999823,1.5090900431519874,0.01393074950233456
10.409999999999823,1.5110679324188634,0.013880942676755732
10.419999999999822,1.5130458435150937,0.013831324117014114
10.429999999999822,1.5150237764442467,0.013781893038305229
10.439999999999822,1.5170017312097426,0.0137326486596714
10.449999999999822,1.5189797078148526,0.013683590203978992
10.459999999999821,1.5209577062626995,0.013634716897892954
10.469999999999821,1.5229357265562566,0.013586027971854646
10.479999999999821,1.5249137686983485,0.013537522660057236
10.48999999999982,1.5268918326916514,0.013489200200422817
10.49999999999982,1.5288699185386923,0.0134410598345802
10.50999999999982,1.5308480262418498,0.013393100807840388
10.51999999999982,1.5328261558033538,0.013345322369175424
10.52999999999982,1.5348043072252864,0.013297723771194557
10.53999999999982,1.5367824805095807,0.013250304270123506
10.54999999999982,1.5387606756580212,0.013203063125780625
10.55999999999982,1.5407388926722458,0.013155999601556676
10.569999999999819,1.5427171315537436,0.013109112964391345
10.579999999999819,1.5446953923038567,0.013062402484752825
10.589999999999819,1.5466736749237793,0.013015867436616181
10.599999999999818,1.5486519794145583,0.012969507097441879
10.609999999999818,1.5506303057770945,0.012923320748154764
10.619999999999818,1.5526086540121407,0.012877307673123431
10.629999999999818,1.554587024120304,0.012831467160139286
10.639999999999818,1.5565654161020452,0.012785798500396121
10.649999999999817,1.558543829957679,0.01274030098846916
10.659999999999817,1.5605222656873754,0.01269497392229575
10.669999999999817,1.562500723291157,0.012649816603154835
10.679999999999817,1.5644792027689036,0.012604828335646572
10.689999999999817,1.5664577041203487,0.012560008427673458
10.699999999999816,1.568436227345082,0.012515356190420593
10.709999999999816,1.57041477244255,0.012470870938335125
10.719999999999816,1.5723933394120535,0.01242655198910838
10.729999999999816,1.5743719282527522,0.012382398663656506
10.739999999999815,1.576350538963661,0.012338410286100056
10.749999999999815,1.5783291715436536,0.012294586183747317
10.759999999999815,1.580307825991461,0.012250925687074112
10.769999999999815,1.5822865023056722,0.012207428129705562
10.779999999999815,1.584265200484735,0.012164092848397801
10.789999999999814,1.5862439205269563,0.012120919183020024
10.799999999999814,1.5882226624305027,0.012077906476535704
10.809999999999814,1.5902014261934003,0.012035054074985159
10.819999999999814,1.592180211813536,0.011992361327467572
10.829999999999814,1.5941590192886566,0.011949827586123245
10.839999999999813,1.5961378486163715,0.011907452206115648
10.849999999999813,1.5981166997941505,0.011865234545614875
10.859999999999813,1.6000955728193267,0.011823173965779346
10.869999999999813,1.602074467689095,0.01178126983073956
10.879999999999812,1.6040533844005134,0.011739521507580326
10.889999999999812,1.606032322950505,0.011697928366324342
10.899999999999812,1.6080112833358544,0.01165648977991478
10.909999999999812,1.6099902655532135,0.011615205124199595
10.919999999999812,1.6119692695990977,0.011574073777914239
10.929999999999811,1.6139482954698883,0.011533095122665168
10.939999999999811,1.6159273431618335,0.011492268542914078
10.949999999999811,1.617906412671047,0.011451593425961703
10.95999999999981,1.6198855039935105,0.011411069161931067
10.96999999999981,1.6218646171250732,0.011370695143752316
10.97999999999981,1.6238437520614533,0.011330470767146737
10.98999999999981,1.625822908798236,0.011290395430610898
10.99999999999981,1.6278020873308778,0.011250468535401003
11.00999999999981,1.6297812876547042,0.011210689485517709
11.01999999999981,1.6317605097649115,0.011171057687690106
11.02999999999981,1.6337397536565663,0.01113157255136214
11.039999999999809,1.6357190193246074,0.011092233488674866
11.049999999999809,1.637698306763846,0.011053039914454119
11.059999999999809,1.6396776159689657,0.011013991246193622
11.069999999999808,1.6416569469345237,0.010975086904041226
11.079999999999808,1.6436362996549496,0.010936326310784106
11.089999999999808,1.64561567412455,0.010897708891833516
11.099999999999808,1.6475950703375046,0.010859234075211008
11.109999999999808,1.6495744882878693,0.010820901291534
11.119999999999807,1.6515539279695766,0.01078270997400069
11.129999999999807,1.6535333893764348,0.010744659558377315
11.139999999999807,1.6555128725021306,0.010706749482982652
11.149999999999807,1.6574923773402288,0.01066897918867477
11.159999999999807,1.659471903884172,0.010631348118836908
11.169999999999806,1.6614514521272827,0.01059385571936446
11.179999999999806,1.6634310220627624,0.010556501438649368
11.189999999999806,1.6654106136836944,0.010519284727569212
11.199999999999806,1.6673902269830414,0.010482205039470949
11.209999999999805,1.6693698619536486,0.010445261830160056
11.219999999999805,1.6713495185882437,0.010408454557885263
11.229999999999805,1.6733291968794366,0.010371782683326185
11.239999999999805,1.675308896819721,0.010335245669580488
11.249999999999805,1.677288618401475,0.010298842982150216
11.259999999999804,1.6792683616169608,0.010262574088929251
11.269999999999804,1.6812481264583266,0.010226438460189892
11.279999999999804,1.6832279129176064,0.010190435568571302
11.289999999999804,1.68520772098672,0.010154564889065515
11.299999999999804,1.6871875506574752,0.010118825899005425
11.309999999999803,1.689167401921568,0.01008321807805271
11.319999999999803,1.6911472747705814,0.010047740908184284
11.329999999999803,1.6931271691959888,0.01001239387368118
11.339999999999803,1.695107085189153,0.009977176461115452
11.349999999999802,1.6970870227413273,0.009942088159338437
11.359999999999802,1.6990669818436548,0.009907128459468645
11.369999999999802,1.7010469624871716,0.009872296854879562
11.379999999999802,1.703026964662806,0.009837592841187803
11.389999999999802,1.7050069883613774,0.00980301591624131
11.399999999999801,1.706987033573601,0.009768565580108012
11.409999999999801,1.7089671002900848,0.009734241335062876
11.419999999999801,1.7109471885013317,0.009700042685577708
11.4299999999998,1.7129272981977397,0.00966596913830913
11.4399999999998,1.714907429369604,0.009632020202086453
11.4499999999998,1.7168875820071148,0.009598195387902003
11.4599999999998,1.7188677561003607,0.009564494208897305
11.4699999999998,1.7208479516393276,0.009530916180354452
11.4799999999998,1.7228281686139006,0.009497460819683338
11.4899999999998,1.7248084070138625,0.009464127646411013
11.4999999999998,1.7267886668288983,0.009430916182170918
11.509999999999799,1.7287689480485913,0.00939782595069094
11.519999999999799,1.7307492506624265,0.009364856477784579
11.529999999999799,1.7327295746597906,0.009332007291337804
11.539999999999798,1.7347099200299732,0.009299277921300017
11.549999999999798,1.7366902867621654,0.009266667899672811
11.559999999999798,1.7386706748454632,0.00923417676049916
11.569999999999798,1.740651084268866,0.009201804039853392
11.579999999999798,1.7426315150212786,0.009169549275830519
11.589999999999797,1.7446119670915108,0.009137412008535815
11.599999999999797,1.746592440468278,0.009105391780074178
11.609999999999797,1.7485729351402037,0.00907348813454066
11.619999999999797,1.7505534510958174,0.009041700618009896
11.629999999999797,1.7525339883235567,0.009010028778525594
11.639999999999796,1.7545145468117682,0.008978472166091237
11.649999999999796,1.7564951265487074,0.008947030332659815
11.659999999999796,1.7584757275225396,0.008915702832123215
11.669999999999796,1.7604563497213406,0.008884489220303894
11.679999999999795,1.7624369931330968,0.008853389054943074
11.689999999999795,1.7644176577457067,0.008822401895692895
11.699999999999795,1.7663983435469808,0.008791527304105562
11.709999999999795,1.7683790505246424,0.008760764843624244
11.719999999999795,1.7703597786663288,0.008730114079573503
11.729999999999794,1.7723405279595903,0.008699574579149324
11.739999999999794,1.7743212983918926,0.008669145911410442
11.749999999999794,1.776302089950617,0.008638827647268364
11.759999999999794,1.7782829026230598,0.0086086193594782
11.769999999999794,1.7802637363964344,0.008578520622629612
11.779999999999793,1.7822445912578715,0.008548531013137817
11.789999999999793,1.7842254671944189,0.008518650109233224
11.799999999999793,1.7862063641930424,0.008488877490954092
11.809999999999793,1.7881872822406282,0.008459212740136265
11.819999999999792,1.7901682213239802,0.008429655440404494
11.829999999999792,1.7921491814298236,0.008400205177163892
11.839999999999792,1.7941301625448038,0.008370861537590498
11.849999999999792,1.796111164655488,0.008341624110623145
11.859999999999792,1.7980921877483644,0.008312492486953751
11.869999999999791,1.800073231809844,0.008283466259019845
11.879999999999791,1.802054296826261,0.00825454502099473
11.889999999999791,1.8040353827838733,0.00822572836877957
11.89999999999979,1.8060164896688626,0.008197015899995006
11.90999999999979,1.8079976174673364,0.008168407213971707
11.91999999999979,1.809978766165326,0.008139901911743559
11.92999999999979,1.8119599357487897,0.008111499596037216
11.93999999999979,1.8139411262036118,0.008083199871265451
11.94999999999979,1.8159223375156048,0.008055002343518405
11.95999999999979,1.8179035696705073,0.008026906620554781
11.96999999999979,1.8198848226539872,0.007998912311794226
11.979999999999789,1.8218660964516409,0.007971019028309434
11.989999999999789,1.8238473910489938,0.007943226382817125
11.999999999999789,1.8258287064315022,0.007915533989671021
12.009999999999788,1.8278100425845518,0.007887941464852912
12.019999999999788,1.8297913994934603,0.007860448425965843
12.029999999999788,1.8317727771434766,0.007833054492225176
12.039999999999788,1.8337541755197815,0.007805759284451021
12.049999999999788,1.8357355946074891,0.007778562425060378
12.059999999999787,1.8377170343916467,0.007751463538060383
12.069999999999787,1.8396984948572352,0.007724462249038971
12.079999999999787,1.8416799759891695,0.007697558185158181
12.089999999999787,1.8436614777723008,0.007670750975146456
12.099999999999786,1.8456430001914141,0.007644040249290996
12.109999999999786,1.8476245432312315,0.0076174256394301015
12.119999999999786,1.8496061068764118,0.00759090677894567
12.129999999999786,1.85158769111155,0.007564483302755909
12.139999999999786,1.8535692959211794,0.007538154847308255
12.149999999999785,1.855550921289771,0.007511921050571087
12.159999999999785,1.8575325672017355,0.007485781552027305
12.169999999999785,1.8595142336414217,0.007459735992666672
12.179999999999785,1.8614959205931187,0.00743378401497856
12.189999999999785,1.8634776280410559,0.007407925262944653
12.199999999999784,1.865459355969404,0.007382159382032828
12.209999999999784,1.8674411043622738,0.007356486019187872
12.219999999999784,1.8694228732037186,0.0073309048228270245
12.229999999999784,1.8714046624777347,0.007305415442831003
12.239999999999783,1.8733864721682607,0.007280017530537726
12.249999999999783,1.8753683022591785,0.007254710738735474
12.259999999999783,1.8773501527343137,0.00722949472165604
12.269999999999783,1.8793320235774376,0.007204369134967536
12.279999999999783,1.8813139147722644,0.0071793336357675866
12.289999999999782,1.8832958263024557,0.00715438788257682
12.299999999999782,1.885277758151618,0.007129531535331727
12.309999999999782,1.8872597103033049,0.0071047642553790065
12.319999999999782,1.8892416827410157,0.007080085705467242
12.329999999999782,1.8912236754481986,0.007055495549741391
12.339999999999781,1.8932056884082489,0.00703099345373601
12.349999999999781,1.89518772160451,0.007006579084368461
12.359999999999781,1.8971697750202754,0.006982252109933011
12.36999999999978,1.899151848638787,0.006958012200093265
12.37999999999978,1.901133942443237,0.006933859025876529
12.38999999999978,1.903116056416768,0.006909792259667655
12.39999999999978,1.9050981905424726,0.006885811575201449
12.40999999999978,1.9070803448033962,0.006861916647557982
12.41999999999978,1.9090625191825348,0.006838107153154692
12.42999999999978,1.9110447136628372,0.006814382769741313
12.43999999999978,1.9130269282272048,0.006790743176392614
12.449999999999779,1.9150091628584922,0.006767188053503398
12.459999999999779,1.916991417539508,0.006743717082781686
12.469999999999779,1.918973692253014,0.006720329947241786
12.479999999999778,1.920955986981728,0.006697026331199955
12.489999999999778,1.922938301708322,0.00667380592026673
12.499999999999778,1.9249206364154232,0.006650668401342384
12.509999999999778,1.9269029910856155,0.0066276134626088255
12.519999999999778,1.9288853657014389,0.006604640793526202
12.529999999999777,1.9308677602453905,0.006581750084825205
12.539999999999777,1.9328501746999245,0.00655894102850134
12.549999999999777,1.9348326090474528,0.006536213317810067
12.559999999999777,1.9368150632703458,0.00651356664725972
12.569999999999776,1.9387975373509327,0.006491000712606546
12.579999999999776,1.9407800312715011,0.006468515210848756
12.589999999999776,1.942762545014299,0.006446109840220374
12.599999999999776,1.9447450785615337,0.006423784300186377
12.609999999999776,1.9467276318953732,0.006401538291435976
12.619999999999775,1.9487102049979461,0.006379371515877915
12.629999999999775,1.9506927978513433,0.00635728367663419
12.639999999999775,1.9526754104376158,0.0063352744780350925
12.649999999999775,1.9546580427387779,0.006313343625613021
12.659999999999775,1.9566406947368058,0.006291490826097184
12.669999999999774,1.9586233664136397,0.006269715787408528
12.679999999999774,1.960606057751181,0.006248018218653645
12.689999999999774,1.9625887687312975,0.006226397830119834
12.699999999999774,1.9645714993358196,0.006204854333268995
12.709999999999773,1.966554249546543,0.006183387440733215
12.719999999999773,1.9685370193452278,0.006161996866308921
12.729999999999773,1.9705198087136002,0.0061406823249515715
12.739999999999773,1.972502617633352,0.006119443532770184
12.749999999999773,1.9744854460861414,0.006098280207022652
12.759999999999772,1.976468294053593,0.006077192066109665
12.769999999999772,1.9784511615172977,0.006056178829570564
12.779999999999772,1.9804340484588154,0.006035240218077237
12.789999999999772,1.9824169548596735,0.006014375953429491
12.799999999999772,1.9843998807013663,0.0059935857585498775
12.809999999999771,1.9863828259653584,0.005972869357477788
12.819999999999771,1.988365790633082,0.005952226475366262
12.829999999999771,1.9903487746859398,0.005931656838474951
12.83999999999977,1.992331778105304,0.005911160174166307
12.84999999999977,1.9943148008725162,0.005890736210899911
12.85999999999977,1.9962978429688896,0.005870384678228431
12.86999999999977,1.9982809043757075,0.0058501053067917105
12.87999999999977,2.000263985074225,0.005829897828311847
12.88999999999977,2.002247085045669,0.005809761975589709
12.89999999999977,2.0042302042712374,0.0057896974824982435
12.90999999999977,2.006213342732101,0.005769704083979041
12.919999999999769,2.008196500409405,0.0057497815160366264
12.929999999999769,2.0101796772842655,0.005729929515734119
12.939999999999769,2.0121628733377723,0.0057101478211886835
12.949999999999768,2.0141460885509903,0.005690436171566199
12.959999999999768,2.0161293229049577,0.005670794307077168
12.969999999999768,2.018112576380688,0.0056512219689711755
12.979999999999768,2.0200958489591687,0.005631718899533673
12.989999999999768,2.022079140621363,0.005612284842079659
12.999999999999767,2.02406245134821,0.005592919540950683
13.009999999999767,2.0260457811206245,0.005573622741508729
13.019999999999767,2.028029129919497,0.005554394190132641
13.029999999999767,2.030012497725696,0.0055352336342139674
13.039999999999766,2.0319958845200663,0.0055161408221510635
13.049999999999766,2.0339792902834297,0.005497115503345506
13.059999999999766,2.035962714996586,0.005478157428197656
13.069999999999766,2.0379461586403136,0.005459266348102201
13.079999999999766,2.0399296211953675,0.005440442015443557
13.089999999999765,2.041913102642484,0.00542168418359114
13.099999999999765,2.043896602962376,0.005402992606895851
13.109999999999765,2.0458801221357374,0.005384367040685019
13.119999999999765,2.04786366014324,0.0053658072412582
13.129999999999765,2.049847216965538,0.0053473129658829725
13.139999999999764,2.051830792583264,0.0053288839727909905
13.149999999999764,2.0538143869770313,0.005310520021173017
13.159999999999764,2.0557980001274356,0.005292220871175046
13.169999999999764,2.057781632015052,0.005273986283894397
13.179999999999763,2.0597652826204396,0.005255816021374842
13.189999999999763,2.0617489519241357,0.0052377098466031054
13.199999999999763,2.0637326399066636,0.005219667523504134
13.209999999999763,2.065716346548527,0.005201688816937323
13.219999999999763,2.067700071830213,0.005183773492692344
13.229999999999762,2.0696838157321924,0.005165921317485163
13.239999999999762,2.0716675782349183,0.005148132058953439
13.249999999999762,2.0736513593188275,0.00513040548565304
13.259999999999762,2.075635158964342,0.005112741367054035
13.269999999999762,2.0776189771518667,0.005095139473536047
13.279999999999761,2.079602813861793,0.005077599576385339
13.289999999999761,2.081586669074496,0.00506012144778973
13.299999999999761,2.083570542770335,0.005042704860835033
13.30999999999976,2.085554434929657,0.005025349589501428
13.31999999999976,2.087538345532793,0.005008055408659417
13.32999999999976,2.089522274560061,0.004990822094065913
13.33999999999976,2.0915062219917653,0.004973649422359998
13.34999999999976,2.0934901878081966,0.004956537171059419
13.35999999999976,2.095474171989633,0.0049394851185567785
13.36999999999976,2.097458174516338,0.0049224930441161595
13.37999999999976,2.099442195368565,0.004905560727868339
13.389999999999759,2.101426234526554,0.004888687950807526
13.399999999999759,2.1034102919705338,0.004871874494787668
13.409999999999759,2.105394367680719,0.004855120142518571
13.419999999999758,2.1073784616373166,0.004838424677562742
13.429999999999758,2.109362573820519,0.00482178788433065
13.439999999999758,2.1113467042105096,0.004805209548077739
13.449999999999758,2.11333085278746,0.00478868945490056
13.459999999999757,2.1153150195315336,0.004772227391733557
13.469999999999757,2.1172992044228813,0.004755823146344692
13.479999999999757,2.119283407441645,0.004739476507332106
13.489999999999757,2.121267628567957,0.0047231872641214385
13.499999999999757,2.1232518677819403,0.0047069552069606314
13.509999999999756,2.12523612506371,0.004690780126917485
13.519999999999756,2.12722040039337,0.004674661815875995
13.529999999999756,2.129204693751017,0.0046586000665323835
13.539999999999756,2.1311890051167395,0.004642594672392386
13.549999999999756,2.133173334470617,0.0046266454277665015
13.559999999999755,2.135157681792723,0.004610752127767819
13.569999999999755,2.1371420470631217,0.004594914568308267
13.579999999999755,2.1391264302618707,0.004579132546094278
