time,neo_distance_to_goal,neo_distance_to_obstacle1,neo_distance_to_obstacle2,manipulability
0.0,0.4732244488483019,0.41710681821815215,0.3683910381695276,0.0837515096811334
0.01,0.4719592210430273,0.4157611098002131,0.3661392518987027,0.08376535759021182
0.02,0.4706964526388169,0.4144156748980475,0.3638862012600574,0.08377998648712115
0.03,0.46943608033976314,0.4130705560677467,0.3616321226755737,0.08379541230779697
0.04,0.46817804083051995,0.4117257969432042,0.35937725314900476,0.08381165086429848
0.05,0.46692227079477056,0.4103814422271296,0.3571218300844486,0.0838287178182468
0.060000000000000005,0.46566870693496865,0.4090375376811301,0.35486609110617934,0.08384662865574585
0.07,0.46441728599327015,0.40769413011490796,0.35261027388028027,0.08386539866380585
0.08,0.4631679447735789,0.40635126737462707,0.35035461593863465,0.08388504290827489
0.09,0.4619206201646246,0.4050089983305042,0.3480993545058292,0.08390557621328192
0.09999999999999999,0.46067524916400004,0.4036673728636849,0.34584472632952795,0.08392701314217853
0.10999999999999999,0.4594317689030761,0.402326441852461,0.3435909675148719,0.0839493679799623
0.11999999999999998,0.4581901166727215,0.4009862571578949,0.3413383133634539,0.08397265471716037
0.12999999999999998,0.4569502299497543,0.3996468716089117,0.33908699821741356,0.08399688703513433
0.13999999999999999,0.4557120464240531,0.3983083389869233,0.33683725530918357,0.08402207829277088
0.15,0.454475504550594,0.3969707143385267,0.3345893169862367,0.08404824053103971
0.16,0.45324054186694546,0.3956340529372746,0.33234341348141766,0.08407538736056733
0.17,0.45200709687575014,0.39429841132599375,0.33009977385877437,0.08410353110756039
0.18000000000000002,0.45077510840633755,0.39296384693507247,0.3278586255383239,0.08413268373530389
0.19000000000000003,0.44954451564414927,0.3916304180656838,0.32562019418152743,0.08416285683693298
0.20000000000000004,0.4483152581604512,0.390298183872909,0.3233847035852613,0.08419406162921668
0.21000000000000005,0.4470872759422815,0.38896720434881354,0.32115237558467347,0.08422630894727297
0.22000000000000006,0.4458605094225867,0.38763754030552794,0.31892342996528744,0.08425960924013458
0.23000000000000007,0.44463489951050467,0.38630925335838084,0.31669808438468106,0.08429397256707997
0.24000000000000007,0.44341038762175106,0.38498240590912863,0.31447655430403715,0.08432940859464551
0.25000000000000006,0.442186915709075,0.38365706112932124,0.31225905292982487,0.08436592659423
0.26000000000000006,0.4409644262927517,0.3823332829438399,0.3100457911658358,0.08440353544020542
0.2700000000000001,0.4397428626032689,0.3810111359944293,0.30783697758492023,0.084442243609215
0.2800000000000001,0.43852216849054343,0.37969068564450215,0.30563281839210815,0.08448205917710598
0.2900000000000001,0.4373022883603923,0.378371997980855,0.30343351740095575,0.08452298981804719
0.3000000000000001,0.4360831673079875,0.3770551397800093,0.30123927603697714,0.08456504280493479
0.3100000000000001,0.43486475114816237,0.37574017849296587,0.29905029334345135,0.0846082250087424
0.3200000000000001,0.4336469864456273,0.3744271822302381,0.29686676599810585,0.0846525428978786
0.3300000000000001,0.43242982054508755,0.3731162197471626,0.2946888883406242,0.08469800253747584
0.34000000000000014,0.4312132016012512,0.37180736042948054,0.2925168524108842,0.08474460958854024
0.35000000000000014,0.42999707860872605,0.37050067427918004,0.2903508479977975,0.08479236930689671
0.36000000000000015,0.4287814014317946,0.36919623190058015,0.28819106269857986,0.08484128654187237
0.37000000000000016,0.4275661208415252,0.3678941044890003,0.2860376819872867,0.08489136573743655
0.38000000000000017,0.4263511890773183,0.366594363987763,0.28389088922704453,0.08494261112964059
0.3900000000000002,0.42513655880505513,0.36529708273560524,0.2817508658995136,0.08499502634543592
0.4000000000000002,0.4239221836770008,0.36400233361990864,0.27961779163201883,0.0850486145960997
0.4100000000000002,0.422708018360957,0.3627101900635877,0.2774918443052315,0.08510337867387253
0.4200000000000002,0.42149401856929736,0.36142072601202574,0.27537320016955386,0.08515932094808328
0.4300000000000002,0.42028014108788525,0.3601340159200131,0.27326203396981574,0.08521644336074788
0.4400000000000002,0.41906634380263297,0.3588501347381523,0.27115851907769467,0.08527474742154303
0.45000000000000023,0.41785258572893397,0.3575691579017245,0.2690628276321065,0.08533423420236377
0.46000000000000024,0.41663882704511646,0.35629116131568755,0.26697513068626955,0.08539490433141153
0.47000000000000025,0.4154250291178942,0.35501622134016914,0.26489559836100013,0.0854567579864754
0.48000000000000026,0.4142111545303037,0.3537444147776648,0.262824400004451,0.08551979488778871
0.49000000000000027,0.41299716710990536,0.35247581885890733,0.260761704357274,0.08558401429035922
0.5000000000000002,0.41178303195685184,0.35121051122836644,0.25870767972280806,0.08564941497579509
0.5100000000000002,0.41056871547181734,0.3499485699293236,0.256662494141774,0.0857159952436505
0.5200000000000002,0.40935418538377216,0.3486900733884661,0.25462631557094917,0.08578375290231845
0.5300000000000002,0.40813941077759885,0.3474351003999493,0.2525993120652918,0.08585268525950848
0.5400000000000003,0.40692436212152655,0.3461837301088745,0.25058165196298154,0.08592278911234649
0.5500000000000003,0.4057090112943729,0.34493604199413286,0.2485735040728441,0.08599406073713677
0.5600000000000003,0.40449333161257434,0.3436921158505703,0.24657503786362692,0.08606649587883428
0.5700000000000003,0.40327729785697847,0.34245203177042766,0.24458642365459715,0.08614008974027654
0.5800000000000003,0.4020608862993822,0.34121587012401816,0.24260783280693554,0.08621483697122267
0.5900000000000003,0.400844074728783,0.3399837115396037,0.24063943791540665,0.08629073165725844
0.6000000000000003,0.39962684247732,0.3387556368824393,0.2386814129997896,0.08636776730862186
0.6100000000000003,0.3984091704458717,0.33753172723295566,0.23673393369556242,0.08644593684900581
0.6200000000000003,0.3971910411292793,0.3363120638640581,0.23479717744333864,0.08652523260439912
0.6300000000000003,0.3959724386411587,0.33509672821752257,0.2328713236765629,0.08660564629202601
0.6400000000000003,0.3947533487382692,0.3338858018794745,0.23095655400698092,0.08668716900944802
0.6500000000000004,0.39353375884439334,0.332679366554943,0.22905305240740467,0.08676979122388484
0.6600000000000004,0.3923136580736958,0.3314775040414878,0.22716100539130377,0.0868535027618224
0.6700000000000004,0.3910930372535145,0.3302802962019003,0.22528060218875887,0.08693829279896674
0.6800000000000004,0.38987188893777786,0.329087824959986,0.22341203492180436,0.08702414985058614
0.6900000000000004,0.38865020744515794,0.3279001722260019,0.2215554987652511,0.08711106176238397
0.7000000000000004,0.38742798887275437,0.3267174198861455,0.21971119211174103,0.08719901570185117
0.7100000000000004,0.386205231115466,0.32553964977364364,0.2178793167289066,0.08728799815021995
0.7200000000000004,0.3849819338852863,0.3243669436370625,0.21606007791037427,0.08737799489507013
0.7300000000000004,0.3837580987297613,0.32319938310782564,0.21425368462044916,0.08746899102363968
0.7400000000000004,0.38253372904956245,0.32203704966698365,0.21246034963204,0.08756097091689584
0.7500000000000004,0.381308830115129,0.320880024611279,0.21068028965738017,0.08765391824442005
0.7600000000000005,0.38008340908233174,0.3197283890185619,0.2089137254710978,0.08774781596015588
0.7700000000000005,0.37885747500711453,0.3185822237126119,0.20716088202518107,0.08784264629907021
0.7800000000000005,0.377631038859066,0.3174416092274285,0.20542198855537797,0.08793839077477003
0.7900000000000005,0.37640411353387865,0.3163066257710553,0.2036972786785605,0.08803503017812256
0.8000000000000005,0.3751767138646516,0.31517735318901047,0.20198699048057167,0.0881325445769152
0.8100000000000005,0.37394885663199623,0.31405387092739645,0.20029136659406163,0.08823091331659409
0.8200000000000005,0.37272056057290326,0.31293625799576746,0.1986106542658051,0.0883301150221144
0.8300000000000005,0.3714918463883357,0.31182459292983683,0.1969451054129751,0.08843012760093372
0.8400000000000005,0.37026273674950805,0.31071895375410774,0.19529497666783308,0.08853092824717698
0.8500000000000005,0.369033256302821,0.3096194179445154,0.1936605294102751,0.08863249344699338
0.8600000000000005,0.36780343167341734,0.3085260623911688,0.19204202978765617,0.08873479898512954
0.8700000000000006,0.36657329146733314,0.3074389633612849,0.19043974872129443,0.08883781995273314
0.8800000000000006,0.3653428662722139,0.3063581964624065,0.18885396189903644,0.08894153075640053
0.8900000000000006,0.3641121886565759,0.3052838366059989,0.1872849497532456,0.08904590512847596
0.9000000000000006,0.36288129316759044,0.3042159579715186,0.18573299742355573,0.0891509161386111
0.9100000000000006,0.36165021632737177,0.30315463397105,0.18419839470371285,0.08925653620658093
0.9200000000000006,0.3604189966277577,0.3020999372146046,0.18268143597181188,0.0893627371163578
0.9300000000000006,0.3591876745235711,0.30105193947617614,0.18118242010321808,0.08946949003143402
0.9400000000000006,0.3579562924243501,0.3000107116606456,0.17970165036545285,0.08957676551138453
0.9500000000000006,0.35672489468450286,0.2989763237716446,0.1782394342943409,0.08968453352966019
0.9600000000000006,0.3554935275916474,0.2979488448805537,0.1767960835508511,0.08979276349264088
0.9700000000000006,0.35426223935454104,0.29692834309622745,0.17537191375695885,0.08990142425965655
0.9800000000000006,0.35303108008827067,0.2959148855363361,0.17396724431129013,0.09001048416440094
0.9900000000000007,0.35180010179834914,0.2949085382998572,0.17258239818281743,0.0901199110373893
1.0000000000000007,0.35056935836330555,0.29390936644093507,0.17121770168215245,0.0902296722295082
1.0100000000000007,0.3493389055157916,0.29291743394418385,0.1698734842097566,0.09033973463661815
1.0200000000000007,0.3481088008222201,0.29193280370150426,0.16855007798042468,0.09045006472517475
1.0300000000000007,0.3468791036609578,0.29095553749048486,0.16724781772344238,0.09056062855881392
1.0400000000000007,0.34564987519909973,0.28998569595444773,0.16596704035787138,0.09067139182586269
1.0500000000000007,0.34442117836785563,0.2890233385841984,0.16470808464248304,0.09078231986772026
1.0600000000000007,0.3431930778365772,0.28806852370153235,0.16347129079993972,0.09089337770805417
1.0700000000000007,0.34196563998546176,0.28712130844454803,0.16225700011491326,0.09100453008276062
1.0800000000000007,0.34073893287697393,0.2861817487548054,0.1610655545059349,0.09111574147062504
1.0900000000000007,0.3395130262260202,0.2852498993663692,0.1598972960708887,0.0912269761246221
1.1000000000000008,0.33828799136892174,0.28432581379676775,0.15875256660619408,0.09133819810379548
1.1100000000000008,0.33706390123123153,0.28340954433988935,0.15763170709986732,0.09144937130564727
1.1200000000000008,0.3358408302944409,0.2825011420608394,0.15653505719881705,0.09156045949897058
1.1300000000000008,0.33461885456162627,0.2816006567927665,0.15546295465090013,0.0916714263570624
1.1400000000000008,0.33339805152208524,0.28070813713566645,0.15441573472245593,0.0917822354912361
1.1500000000000008,0.33217850011501754,0.27982363045716324,0.1533937295922389,0.09189285048457622
1.1600000000000008,0.33096028069230204,0.27894718289526205,0.15239726772288176,0.09200323492584978
1.1700000000000008,0.3297434749804265,0.2780788393630598,0.1514266732112488,0.0921133524435149
1.1800000000000008,0.32852816604162616,0.2772186435553956,0.15048226511926976,0.09222316673974625
1.1900000000000008,0.3273144382342892,0.2763666379574185,0.14956435678708793,0.09233264162440749
1.2000000000000008,0.3261023771726841,0.2755228638550383,0.1486732551305996,0.09244174104890153
1.2100000000000009,0.32489206968607176,0.27468736134722616,0.14780925992571037,0.09255042913982371
1.2200000000000009,0.32368360377725597,0.2738601693601204,0.1469726630818803,0.09265867023234814
1.2300000000000009,0.322477068580635,0.2730413256628927,0.14616374790777198,0.0927664289032809
1.2400000000000009,0.32127255431981055,0.27223086688531817,0.14538278837205007,0.09287367000370843
1.2500000000000009,0.32007015226481256,0.2714288285369959,0.14463004836260618,0.0929803586911761
1.260000000000001,0.31886995468899976,0.2706352450281517,0.14390578094768766,0.09308646046133341
1.270000000000001,0.3176720548256892,0.26985014969196164,0.14321022764260177,0.0931919411789802
1.280000000000001,0.3164765468245749,0.269073574808319,0.14254361768582963,0.09329676710845637
1.290000000000001,0.3152835257079907,0.2683055516289741,0.14190616732852374,0.09340090494331474
1.300000000000001,0.3140930873270681,0.26754611040396276,0.14129807914147172,0.09350432183522281
1.310000000000001,0.31290532831784595,0.26679528040924555,0.14071954134367928,0.09360698542204011
1.320000000000001,0.311720346057383,0.26605308997546795,0.14017072715676335,0.09370886385501817
1.330000000000001,0.3105382386199214,0.265319566517755,0.1396517941893385,0.09380992582508377
1.340000000000001,0.309359104733153,0.26459473656644944,0.1391628838555326,0.09391014058815107
1.350000000000001,0.3081830437346319,0.2638786257986995,0.13870412083167385,0.09400947798943102
1.360000000000001,0.30701015552837935,0.2631712590708036,0.13827561255505208,0.09410790848669454
1.370000000000001,0.30584054054172793,0.26247266045121204,0.1378774487684711,0.09420540317245919
1.380000000000001,0.3046742996824374,0.2617828532540946,0.1375097011140809,0.0943019337950661
1.390000000000001,0.3035115342961309,0.26110186007337094,0.13717242277969843,0.09439747277862229
1.400000000000001,0.3023523461240817,0.26042970281710937,0.13686564820051353,0.09449199324178316
1.410000000000001,0.30119683726138696,0.2597664027421943,0.1365893928187156,0.09458546901535513
1.420000000000001,0.30004511011556334,0.2591119804891657,0.1363436529031865,0.09467787465870259
1.430000000000001,0.2988972673655909,0.2584664561171349,0.1361284054309826,0.09476918547494866
1.440000000000001,0.29775341192143556,0.2578298491386768,0.13594360803187744,0.09485937752495109
1.450000000000001,0.29661364688407493,0.25720217855460975,0.13578919899677094,0.094948427640061
1.460000000000001,0.29547807550605226,0.25658346288856565,0.1356650973502847,0.09503631343364707
1.470000000000001,0.2943468011525767,0.2559737202212617,0.1355712029873761,0.09512301331139951
1.480000000000001,0.2932199272631927,0.25537296822438305,0.1355073968733099,0.09520850648040256
1.490000000000001,0.2920975573140303,0.25478122419399246,0.1354735413058449,0.09529277295700088
1.500000000000001,0.29097979478065644,0.2541985050833801,0.13546948023801805,0.09537579357344793
1.5100000000000011,0.28986674310153365,0.25362482753527443,0.1354950396594587,0.09545754998336813
1.5200000000000011,0.28875850564054634,0.253060207913599,0.13555002803449628,0.09553802466608495
1.5300000000000011,0.2876551856545428,0.25250466233372065,0.13563423679129005,0.09561720092965627
1.5400000000000011,0.2865568862575771,0.25195820669279495,0.13574744086271914,0.09569506291287933
1.5500000000000012,0.2854637103867627,0.25142085669819975,0.1358893992731423,0.09577159558616824
1.5600000000000012,0.28437576076892346,0.25089262789536887,0.13605985576755353,0.09584678475132417
1.5700000000000012,0.2832931398877721,0.2503735356948841,0.13625853947917171,0.09592061704024057
1.5800000000000012,0.28221594995181276,0.2498635953982189,0.13648516563111446,0.09599307991257475
1.5900000000000012,0.2811442928628774,0.24936282222231998,0.13673943626779772,0.09606416165241136
1.6000000000000012,0.2800782701852925,0.24887123132297675,0.1370210410115752,0.09613385136395741
1.6100000000000012,0.27901798311567294,0.2483888378169346,0.1373296578400956,0.09620213896629669
1.6200000000000012,0.2779635324533302,0.247915656802713,0.1376649538798639,0.09626901518724051
1.6300000000000012,0.27691501857129214,0.2474517033800909,0.13802658621154545,0.09633447155631167
1.6400000000000012,0.27587254138791706,0.2469969926682311,0.1384142026826454,0.0963985003968996
1.6500000000000012,0.2748362003390973,0.24655153982241404,0.1388274427233263,0.09646109481762126
1.6600000000000013,0.2738060943510361,0.24611536004935802,0.1392659381612953,0.09652224870293065
1.6700000000000013,0.2727823218135833,0.24568846862111,0.13972931403188604,0.09658195670301226
1.6800000000000013,0.271764980554119,0.24527088088748822,0.1402171893796829,0.09664021422300499
1.6900000000000013,0.27075416781196915,0.2448626122870693,0.14072917804827767,0.09669701741158404
1.7000000000000013,0.2697499802133345,0.24446367835671068,0.1412648894550129,0.09675236314895508
1.7100000000000013,0.2687525137467203,0.24407409473960912,0.14182392934783225,0.09680624903428865
1.7200000000000013,0.2677618637388472,0.24369387719189334,0.1424059005416491,0.09685867337264296
1.7300000000000013,0.26677812483102753,0.2433230415877567,0.14301040363192188,0.09690963516141025
1.7400000000000013,0.26580139095599,0.24296160392313906,0.14363703768342004,0.09695913407632537
1.7500000000000013,0.2648317553151321,0.2426095803179705,0.1442854008924441,0.09700717045708138
1.7600000000000013,0.2638693103561855,0.24226698701699045,0.14495509122104544,0.0970537452925782
1.7700000000000014,0.2629141477512756,0.24193384038916277,0.1456457070020614,0.09709886020585828
1.7800000000000014,0.2619663583753558,0.24161015692570895,0.146356847514044,0.09714251743875008
1.7900000000000014,0.26102603228499965,0.24129595323678282,0.1470881135254058,0.09718471983626661
1.8000000000000014,0.2600932586975353,0.24099124604681668,0.14783910780734344,0.09722547083078832
1.8100000000000014,0.2591681259705006,0.2406960521885679,0.14860943561531714,0.09726477442606582
1.8200000000000014,0.25825072158140505,0.24041038859590172,0.14939870513906597,0.09730263518107694
1.8300000000000014,0.25734113210778226,0.24013427229534157,0.15020652792132608,0.09733905819376777
1.8400000000000014,0.25643944320751355,0.23986772039643117,0.1510325192455876,0.0973740490847125
1.8500000000000014,0.25554573959941146,0.23961075008094226,0.15187629849337483,0.09740761398071572
1.8600000000000014,0.25466010504404374,0.23936337859097592,0.15273748947167295,0.09743975949839263
1.8700000000000014,0.253782622324788,0.23912562321599654,0.15361572071123686,0.09747049272775136
1.8800000000000014,0.2529133732291002,0.23889750127884807,0.1545106257366244,0.09749982121580232
1.8900000000000015,0.252052438529985,0.23867903012079897,0.15542184330887776,0.09752775295022262
1.9000000000000015,0.2511998979676566,0.23847022708566243,0.15634901764185216,0.09755429634309862
1.9100000000000015,0.25035583023138014,0.23827110950304456,0.1572917985932443,0.09757946021476753
1.9200000000000015,0.24952031294147978,0.23808169467077117,0.15824984183142154,0.09760325377778085
1.9300000000000015,0.24869342263150873,0.23790199983654323,0.1592228089791823,0.09762568662101069
1.9400000000000015,0.2478752347305697,0.23773204217887753,0.16021036773560213,0.09764676869391513
1.9500000000000015,0.24706582354578058,0.2375718387873818,0.1612121919771306,0.09766651029098233
1.9600000000000015,0.2462652622448796,0.23742140664242148,0.1622279618391063,0.0976849220363715
1.9700000000000015,0.24547362283896274,0.23728076259423145,0.16325736377885394,0.09770201486875857
1.9800000000000015,0.24469097616535043,0.2371499233415285,0.1643000906215153,0.09771780002641249
1.9900000000000015,0.2439173918705847,0.23702890540967592,0.16535584158974215,0.09773228903250405
2.0000000000000013,0.24315293839354732,0.236917725128461,0.16642432231836643,0.09774549368066394
2.010000000000001,0.24239768294870653,0.2368163986095342,0.16750524485512172,0.0977574260208038
2.020000000000001,0.24165169150948757,0.23672494172356828,0.1685983276484684,0.09776809834520088
2.0300000000000007,0.2409150287917721,0.2366433700771893,0.16970329552353472,0.09777752317486657
2.0400000000000005,0.2401877582375291,0.2365716989897344,0.17081987964714804,0.09778571324619455
2.0500000000000003,0.23946994199857777,0.23650994346989065,0.17194781748289537,0.09779268149790611
2.06,0.23876164092049537,0.23645811819226148,0.17308685273710525,0.09779844105829076
2.07,0.23806291452666842,0.23641623747392204,0.17423673529660624,0.09780300523274951
2.0799999999999996,0.23737382100250115,0.23638431525100279,0.17539722115907325,0.09780638749164458
2.0899999999999994,0.2366944171797859,0.236362365055362,0.17656807235672856,0.0978086014584606
2.099999999999999,0.23602475852124816,0.23635039999138605,0.17774905687412623,0.09780966089827654
2.109999999999999,0.23536489910527555,0.23634843271297246,0.17893994856070294,0.09780957970655078
2.1199999999999988,0.2347148916108426,0.23635647540073793,0.18014052703873823,0.09780837189822274
2.1299999999999986,0.23407478730264666,0.23637453973949635,0.18135057760732887,0.09780605159712724
2.1399999999999983,0.23344463601646462,0.23640263689605248,0.1825698911429399,0.09780263302572627
2.149999999999998,0.2328244861447506,0.23644077749735165,0.18379826399705795,0.09779813049514981
2.159999999999998,0.23221438462248506,0.23648897160902618,0.18503549789143842,0.09779255839555277
2.1699999999999977,0.23161437691329603,0.23654722871437853,0.18628139981139638,0.0977859311867789
2.1799999999999975,0.23102450699586757,0.23661555769383846,0.18753578189756517,0.09777826338933497
2.1899999999999973,0.23044481735065453,0.23669396680492713,0.18879846133650793,0.09776956957566374
2.199999999999997,0.22987534894692083,0.236782463662769,0.19006926025053933,0.09775986436172393
2.209999999999997,0.22931614124728159,0.23688105521244798,0.19134800557651985,0.09774916239884554
2.2199999999999966,0.2287672322295951,0.2369897476925141,0.1926345289341525,0.09773747836593998
2.2299999999999964,0.22822865825248076,0.23710854667930203,0.19392866659046945,0.09772482696203644
2.239999999999996,0.22770045411517753,0.23723745703486568,0.19523025930574817,0.09771122289890057
2.249999999999996,0.2271826530465066,0.2373764828906562,0.19653915222375934,0.09769668089405142
2.259999999999996,0.22667528669428533,0.2375256276319054,0.1978551947628034,0.09768121566405132
2.2699999999999956,0.22617838511520658,0.23768489388274755,0.19917824050771454,0.09766484191806031
2.2799999999999954,0.2256919767652104,0.23785428349208876,0.20050814710299925,0.0976475743516559
2.289999999999995,0.22521608849036798,0.23803379752024917,0.20184477614725188,0.09762942764090406
2.299999999999995,0.2247507455183018,0.23822343622638686,0.2031879930889763,0.09761041643668279
2.3099999999999947,0.22429597145015842,0.23842319905672596,0.20453766712392832,0.0975905553592496
2.3199999999999945,0.22385178825316196,0.23863308463359292,0.20589367109407442,0.09756985899304249
2.3299999999999943,0.2234182162537649,0.23885309074527628,0.2072558813882545,0.09754834188171552
2.339999999999994,0.2229952741314184,0.23908321433671822,0.20862417784461998,0.09752601852339716
2.349999999999994,0.2225829789129835,0.23932345150104156,0.20999844365490872,0.0975029033661659
2.3599999999999937,0.22218134596780245,0.23957379747192117,0.2113785652706086,0.09747901080373765
2.3699999999999934,0.22179038900344863,0.23983424661680028,0.21276443231104908,0.09745435517136197
2.3799999999999932,0.22141012006217653,0.24010479243095492,0.21415593747345496,0.09742895074191066
2.389999999999993,0.2210405495180874,0.24038542753240513,0.21555297644498564,0.0974028117221624
2.399999999999993,0.22068168607502772,0.24067614365767398,0.2169554478167769,0.09737595224927355
2.4099999999999926,0.22033353676524078,0.2409769316583862,0.21836325299999523,0.09734838638742778
2.4199999999999924,0.21999610694878097,0.24128778149870792,0.21977629614390967,0.0973201281246588
2.429999999999992,0.2196694003137114,0.2416086822536161,0.2211944840559778,0.09729119136983966
2.439999999999992,0.219353418877093,0.2419396221079935,0.2226177261239423,0.09726158994983547
2.4499999999999917,0.21904816298678328,0.2422805883565368,0.2240459342399236,0.09723133760680866
2.4599999999999915,0.2187536313240489,0.24263156740447286,0.22547902272649817,0.09720044799567527
2.4699999999999913,0.21846982090701061,0.24299254476906376,0.22691690826473904,0.09716893468170391
2.479999999999991,0.21819672709491988,0.24336350508189797,0.22835950982420153,0.09713681113825201
2.489999999999991,0.21793434359328615,0.24374443209194085,0.22980674859482597,0.09710409074463505
2.4999999999999907,0.217682662459848,0.24413530866934394,0.23125854792073328,0.09707078678412293
2.5099999999999905,0.21744167411140466,0.24453611680998433,0.2327148332358823,0.09703691244205584
2.5199999999999902,0.21721136733150487,0.24494683764072406,0.2341755320015596,0.09700248080407935
2.52999999999999,0.2169917292789947,0.24536745142537203,0.23564057364566793,0.09696750485448781
2.53999999999999,0.21678274549743085,0.24579793757132323,0.23710988950378012,0.09693199747467612
2.5499999999999896,0.21658439992535194,0.2462382746368634,0.2385834127619231,0.09689597144169224
2.5599999999999894,0.21639667490740702,0.24668844033911613,0.24006107840105703,0.09685943942688745
2.569999999999989,0.21621955120634342,0.2471484115626065,0.24154282314321057,0.09682241399465767
2.579999999999989,0.2160530080158386,0.2476181643684292,0.2430285853992383,0.09678490760127455
2.5899999999999888,0.21589702297417798,0.24809767400399085,0.24451830521815954,0.09674693259380139
2.5999999999999885,0.2157515721791083,0.24858691491299983,0.24601192423780624,0.09670850120909652
2.6099999999999883,0.21561663020374958,0.2490858607457696,0.2475093856368126,0.0966696255729115
2.619999999999988,0.21549217011052307,0.2495944843725578,0.2490106340900192,0.09663031769895014
2.629999999999988,0.2153781634694038,0.2501127578942267,0.25051561572285685,0.09659058948812904
2.6399999999999877,0.21527458037566088,0.2506406526545272,0.25202427806802896,0.09655045272785147
2.6499999999999875,0.2151813894683658,0.251178139252823,0.25353657002355073,0.09650991909135107
2.6599999999999873,0.21509855794965985,0.25172518755722595,0.25505244181210496,0.09646900013708778
2.669999999999987,0.21502605160475594,0.25228176671812363,0.25657184494167934,0.09642770730820294
2.679999999999987,0.21496383482266138,0.2528478451820701,0.25809473216744855,0.0963860519320258
2.6899999999999866,0.21491187061759853,0.2534233907060182,0.2596210574548636,0.09634404521963481
2.6999999999999864,0.21487012065110128,0.2540083703718713,0.2611507759439161,0.09630169826545885
2.709999999999986,0.2148385452547691,0.2546027506013243,0.2626838439145392,0.09625902204692995
2.719999999999986,0.21481710345364874,0.2552064971709796,0.2642202187531136,0.09621602742417715
2.7299999999999858,0.21480575299022567,0.255819575227705,0.2657598589200428,0.09617272513975966
2.7399999999999856,0.2148044503489966,0.2564419493042165,0.2673027239183669,0.09612912581843927
2.7499999999999853,0.21481315078159463,0.25707358333486346,0.26884877426338116,0.0960852399669885
2.759999999999985,0.2148318083324477,0.2577144406715875,0.27039797145322747,0.09604107797403655
2.769999999999985,0.21486037586493376,0.25836448410004054,0.27195027794042986,0.09599665010994164
2.7799999999999847,0.21489880508801174,0.2590236758558344,0.2735056571043412,0.09595196652670121
2.7899999999999845,0.2149470465832939,0.2596919776409047,0.2750640732244744,0.09590703725788623
2.7999999999999843,0.21500504983253566,0.26036935063996497,0.2766254914546869,0.09586187221860641
2.809999999999984,0.2150727632455081,0.26105575553703336,0.2781898777981927,0.0958164812055022
2.819999999999984,0.2151501341882272,0.2617511525320096,0.27975719908337277,0.09577087389675969
2.8299999999999836,0.21523710901150675,0.26245550135728557,0.2813274229403593,0.09572505985215136
2.8399999999999834,0.21533363307980732,0.2631687612943668,0.282900517778366,0.09567904851310166
2.849999999999983,0.2154396508003471,0.2638908911904916,0.28447645276374134,0.09563284920276796
2.859999999999983,0.21555510565244673,0.26462184947522643,0.28605519779871846,0.09558647112615165
2.869999999999983,0.21567994021707737,0.2653615941770212,0.28763672350084024,0.0955399233702215
2.8799999999999826,0.21581409620657907,0.26611008293970984,0.2892210011830341,0.09549321490406082
2.8899999999999824,0.2159575144945225,0.2668672730389373,0.29080800283431724,0.09544635457903083
2.899999999999982,0.2161101351456806,0.26763312139850143,0.29239770110110735,0.09539935112895305
2.909999999999982,0.2162718974460833,0.2684075846065903,0.29399006926912147,0.09535221317031002
2.9199999999999817,0.21644273993312108,0.26919061893190827,0.29558508124583954,0.09530494920245788
2.9299999999999815,0.21662260042567497,0.26998218033966825,0.2971827115435153,0.0952575676078631
2.9399999999999813,0.21681141605423768,0.2707822245074455,0.2987829352627139,0.09521007665234733
2.949999999999981,0.21700912329100103,0.2715907068408767,0.3003857280763595,0.09516248448535072
2.959999999999981,0.2172156579798817,0.2724075824891941,0.3019910662142736,0.09511479914021158
2.9699999999999807,0.21743095536609694,0.27323280636261615,0.30359892645063136,0.09506702853445403
2.9799999999999804,0.21765495012584365,0.2740663331483166,0.3052092860902673,0.09501918047009125
2.9899999999999802,0.21788757639729084,0.2749081173179652,0.30682212294564926,0.09497126263395923
2.99999999999998,0.21812876780928048,0.27575811314709653,0.3084374153288694,0.09492328259804877
3.00999999999998,0.21837845751064924,0.27661627472966754,0.3100551420383933,0.09487524781985203
3.0199999999999796,0.2186365781993339,0.27748255599239685,0.31167528234620495,0.0948271656427263
3.0299999999999794,0.21890306215123934,0.278356910708875,0.31329781598533474,0.0947790432962685
3.039999999999979,0.21917784124884823,0.27923929251344026,0.31492272313775704,0.09473088789670489
3.049999999999979,0.2194608470095494,0.28012965491481334,0.31654998442264276,0.0946827064472931
3.0599999999999787,0.21975201061366492,0.2810279513094876,0.31817958088495685,0.09463450583873788
3.0699999999999785,0.22005126293215962,0.2819341349948655,0.3198114939843868,0.09458629284961982
3.0799999999999783,0.2203585345540078,0.28284815918214345,0.3214457055845913,0.09453807414683477
3.089999999999978,0.22067375581320772,0.283769977008934,0.32308219794275733,0.09448985628605155
3.099999999999978,0.22099685681542258,0.2846995415516256,0.32472095369945614,0.09444164571217724
3.1099999999999777,0.2213277674642319,0.2856368058374782,0.3263619558687862,0.09439344875983958
3.1199999999999775,0.22166641748698096,0.28658172285644945,0.32800518782879384,0.0943452716538777
3.1299999999999772,0.22201273646021494,0.2875342455727489,0.3296506333121624,0.0942971205098528
3.139999999999977,0.22236665383468,0.2884943269361237,0.33129827639715964,0.09424900133456478
3.149999999999977,0.22272809895988654,0.28946191989286674,0.33294810149883575,0.09420092002658563
3.1599999999999766,0.2230970011082166,0.29043697739655505,0.3346000933604618,0.09415288237680657
3.1699999999999764,0.2234732894985716,0.29141945241850953,0.33625423704520213,0.09410489406899476
3.179999999999976,0.22385689331954695,0.2924092979579817,0.33791051792801147,0.09405696068036604
3.189999999999976,0.22424774175212514,0.29340646705206747,0.3395689216877501,0.09400908768217138
3.1999999999999758,0.22464576399188355,0.29441091278534454,0.3412294342995086,0.09396128044029252
3.2099999999999755,0.22505088927070685,0.295422588299238,0.3428920420271368,0.0939135442158542
3.2199999999999753,0.22546304687799915,0.29644144680111495,0.34455673141596865,0.09386588416584851
3.229999999999975,0.22588216618139167,0.2974674415731073,0.3462234892857373,0.0938183053437707
3.239999999999975,0.22630817664694158,0.2985005259806675,0.3478923027236743,0.09377081270027127
3.2499999999999747,0.22674100785881726,0.29954065348085757,0.3495631590777861,0.09372341108381611
3.2599999999999745,0.22718058953847015,0.30058777763037303,0.3512360459503036,0.09367610524136595
3.2699999999999743,0.2276268515632879,0.30164185209330685,0.3529109511912976,0.09362889981906196
3.279999999999974,0.22807972398473053,0.3027028306486528,0.35458786289245603,0.09358179936292893
3.289999999999974,0.22853913704594725,0.3037706671975542,0.3562667693810171,0.09353480831958794
3.2999999999999736,0.2290050211988757,0.30484531577029833,0.357947659213855,0.09348793103698484
3.3099999999999734,0.22947730712082093,0.30592673053306324,0.35963052117171074,0.09344117176512846
3.319999999999973,0.22995592573052218,0.3070148657944156,0.3613153442535671,0.09339453465684053
3.329999999999973,0.230440808203701,0.30810967601156825,0.36300211767116014,0.09334802376852372
3.3399999999999728,0.2309318859881013,0.3092111157963966,0.36469083084362575,0.0933016430609322
3.3499999999999726,0.23142909081801613,0.3103191399212229,0.36638147339227584,0.09325539639996236
3.3599999999999723,0.23193235472831394,0.31143370332436565,0.36807403513550024,0.09320928755745182
3.369999999999972,0.23244161823297363,0.3125547585685364,0.36976850278938833,0.09316332240336658
3.379999999999972,0.23295680575174094,0.3136822635826878,0.3714648699674174,0.09311750230176388
3.3899999999999717,0.23347785030144053,0.31481617382918065,0.37316312704473575,0.09307183074766855
3.3999999999999715,0.23400468525059898,0.31595644495653186,0.3748632645745448,0.09302631114536838
3.4099999999999713,0.23453724433101064,0.31710303280386587,0.37656527328357614,0.09298094680926211
3.419999999999971,0.23507546164882767,0.3182558934051619,0.37826914406767587,0.09293574096473095
3.429999999999971,0.23561927169518254,0.3194149829932977,0.3799748679874917,0.09289069674900792
3.4399999999999706,0.23616860935634673,0.32058025800389767,0.3816824362642622,0.09284581721206332
3.4499999999999704,0.23672340992343574,0.321751675078988,0.38339184027570394,0.09280110531750063
3.45999999999997,0.2372836091016654,0.3229291910704635,0.3851030715519948,0.09275656394346053
3.46999999999997,0.23784914301916854,0.3241127630433696,0.3868161217718511,0.09271219588353051
3.47999999999997,0.238419948235376,0.3253023482790086,0.38853098275869613,0.09266800384766997
3.4899999999999696,0.23899596174897528,0.3264979042778672,0.3902476464769172,0.09262399046313764
3.4999999999999694,0.23957712100545003,0.3276993887623759,0.39196610502820994,0.09258015827543077
3.509999999999969,0.24016336390421028,0.3289067596795031,0.3936863506480084,0.09253650974923115
3.519999999999969,0.24075462880532175,0.33011997520318626,0.39540837570199666,0.09249304726935792
3.5299999999999687,0.24135085453584296,0.3313389937366069,0.39713217268270234,0.09244977314172692
3.5399999999999685,0.2419519803957767,0.332563773914313,0.3988577342061695,0.09240668959431973
3.5499999999999683,0.24255794616364518,0.333794274604194,0.4005850530087081,0.09236379877815444
3.559999999999968,0.2431686921017,0.33503045490930955,0.40231412194372096,0.09232110276826831
3.569999999999968,0.24378415896077052,0.3362722741695805,0.40404493397860247,0.09227860356469826
3.5799999999999677,0.2444042879847631,0.33751969196334436,0.4057774821917124,0.09223630309347478
3.5899999999999674,0.24502902091481882,0.338772668108778,0.40751175976941906,0.09219420320761325
3.5999999999999672,0.24565829999313774,0.3400311626651941,0.40924776000321267,0.0921523056881175
3.609999999999967,0.24629206796647876,0.3412951359342142,0.41098547628688664,0.09211061224497782
3.619999999999967,0.24693026808934374,0.3425645484608218,0.4127249021137866,0.0920691245181819
3.6299999999999666,0.24757284412685396,0.34383936103430096,0.4144660310741231,0.09202784407872133
3.6399999999999664,0.24821974035732733,0.3451195346890633,0.4162088568523507,0.09198677242960755
3.649999999999966,0.2488709015745665,0.3464050307053662,0.4179533732246081,0.09194591100688376
3.659999999999966,0.24952627308986353,0.3476958106099282,0.41969957405622105,0.09190526118064594
3.6699999999999657,0.250185800733733,0.3489918361764422,0.42144745329926586,0.09186482425605702
3.6799999999999655,0.2508494308573759,0.35029306942599475,0.4231970049901916,0.09182460147436934
3.6899999999999653,0.2515171103338896,0.3515994726273895,0.4249482232475013,0.09178459401394475
3.699999999999965,0.25218878655922916,0.35291100829738037,0.42670110226949054,0.0917448029912748
3.709999999999965,0.252864407452923,0.3542276392008205,0.4284556363320409,0.09170522946200244
3.7199999999999647,0.2535439214585591,0.3555493283507265,0.4302118197864705,0.09166587442194105
3.7299999999999645,0.2542272775440451,0.3568760390082619,0.431969647057437,0.09162673880809541
3.7399999999999642,0.254914425201649,0.3582077346826448,0.433729112640895,0.09158782349967932
3.749999999999964,0.2556053144478286,0.35954437913098175,0.43549021110210484,0.09154912931913238
3.759999999999964,0.2562998958228615,0.3608859363580293,0.4372529370736931,0.091510657033134
3.7699999999999636,0.25699812039027575,0.36223237061588837,0.4390172852537635,0.0914724073536161
3.7799999999999634,0.25769993973609234,0.36358364640363433,0.44078325040405686,0.09143438093877314
3.789999999999963,0.25840530596788774,0.3649397284668822,0.4425508273481602,0.09139657839406642
3.799999999999963,0.25911417171367984,0.3663005817972948,0.4443200109697635,0.09135900027322993
3.8099999999999627,0.25982649012064557,0.3676661716320322,0.44609079621096276,0.09132164707926656
3.8199999999999625,0.26054221485367907,0.36903646345314617,0.44786317807061016,0.09128451926544513
3.8299999999999623,0.2612613000937924,0.37041142298692387,0.44963715160270806,0.09124761723628794
3.839999999999962,0.26198370053636927,0.37179101620318067,0.4514127119148492,0.09121094134855912
3.849999999999962,0.26270937138927486,0.3731752093145061,0.4531898541666988,0.09117449191224268
3.8599999999999617,0.26343826837082956,0.37456396877546433,0.4549685735685208,0.09113826919151838
3.8699999999999615,0.2641703477076533,0.37595726128175144,0.45674886537974546,0.09110227340572882
3.8799999999999613,0.2649055661323824,0.3773550537693126,0.45853072490757885,0.09106650473034418
3.889999999999961,0.2656438808812693,0.37875731341341995,0.4603141475056523,0.09103096329791685
3.899999999999961,0.2663852496916682,0.3801640076277127,0.46209912857271224,0.09099564919903241
3.9099999999999606,0.26712963079941093,0.3815751040632048,0.46388566355134897,0.09096056248324956
3.9199999999999604,0.2678769829360813,0.3829905706072563,0.4656737479267638,0.09092570316003895
3.92999999999996,0.2686272653261899,0.3844103753825167,0.46746337722557396,0.09089107119970737
3.93999999999996,0.26938043768425607,0.38583448674583637,0.469254547014654,0.0908566665343201
3.9499999999999598,0.27013646021180127,0.3872628732871515,0.4710472529000148,0.09082248905861126
3.9599999999999596,0.2708952935942599,0.3886955038283416,0.4728414905257164,0.09078853863088905
3.9699999999999593,0.2716568989978077,0.3901323474220648,0.47463725557281705,0.09075481507392931
3.979999999999959,0.2724212380661193,0.39157337335056636,0.47643454375835603,0.09072131817586214
3.989999999999959,0.2731882729170511,0.3930185511244693,0.4782333508343701,0.0906880476910509
3.9999999999999587,0.27395796613926143,0.3944678504815418,0.48003367258694274,0.0906550033409606
4.009999999999959,0.27379385014155877,0.39592124138544765,0.4818355048352859,0.09062218481501452
4.019999999999959,0.2736325291227976,0.39737767035450566,0.4836379727876955,0.09058995065721663
4.0299999999999585,0.2734739277131196,0.3988371403040921,0.4854411136342914,0.09055828433810627
4.039999999999958,0.27331797309614225,0.40029965276460844,0.48724496269121303,0.09052716980603019
4.049999999999958,0.2731645949178872,0.4017652079538667,0.48904955347905205,0.09049659148021974
4.059999999999958,0.27301372519877587,0.40323380484648624,0.49085491779849527,0.09046653424326029
4.069999999999958,0.27286529824861255,0.40470544124039987,0.4926610858032432,0.09043698343304037
4.079999999999957,0.272719250584471,0.4061801138205647,0.4944680860702719,0.09040792483425766
4.089999999999957,0.2725755208514063,0.4076578182199731,0.4962759456675067,0.09037934466956446
4.099999999999957,0.27243404974590735,0.4091385490780599,0.49808469021897805,0.09035122959039599
4.109999999999957,0.27229477994201734,0.4106223000965902,0.4998943439675274,0.09032356666756691
4.119999999999957,0.2721576560200327,0.412109064093128,0.5017049298351353,0.09029634338167318
4.129999999999956,0.2720226243977143,0.4135988330521645,0.50351646948094,0.0902695476133492
4.139999999999956,0.2718896332639271,0.4150915981739956,0.5053289833570177,0.09024316763343515
4.149999999999956,0.2717586325146353,0.4165873499214329,0.5071424907619924,0.09021719209307515
4.159999999999956,0.2716295736911793,0.4180860780644275,0.5089570098925442,0.09019161001380553
4.1699999999999555,0.27150240992076313,0.4195877717226874,0.510772557892885,0.09016641077764088
4.179999999999955,0.27137709585907827,0.4210924194063665,0.5125891509022662,0.0901415841172034
4.189999999999955,0.27125358763499774,0.42260000905489675,0.5144068041005864,0.0901171201059132
4.199999999999955,0.2711318427972729,0.42411052807403965,0.516225531752162,0.09009300914826152
4.209999999999955,0.271011820263161,0.42562396337122743,0.5180453472477256,0.09006924197018976
4.2199999999999545,0.2708934802689286,0.4271403013892579,0.5198662631447123,0.09004580960958751
4.229999999999954,0.27077678432215757,0.42865952813841607,0.521688291205897,0.09002270340692821
4.239999999999954,0.2706616951558002,0.4301816292270801,0.5235114424364398,0.08999991499605195
4.249999999999954,0.27054817668392106,0.43170658989087646,0.525335727119398,0.08997743629510965
4.259999999999954,0.27043619395906265,0.4332343950204458,0.5271611548497629,0.08995525949767277
4.269999999999953,0.2703257131311894,0.4347650291878721,0.5289877345670725,0.08993337706402608
4.279999999999953,0.2702167014081423,0.436298476671837,0.5308154745866571,0.0899117817126347
4.289999999999953,0.27010912701756173,0.43783472148154695,0.5326443826295674,0.08989046641180938
4.299999999999953,0.2700029591702195,0.4393737473794902,0.5344744658512357,0.08986942437155453
4.3099999999999525,0.2698981680247138,0.44091553790307036,0.5363057308689205,0.0898486490356194
4.319999999999952,0.26979472465347637,0.44246007638516577,0.538138183787979,0.08982813407374263
4.329999999999952,0.2696926010100469,0.4440073459736605,0.5399718302270163,0.08980787337409601
4.339999999999952,0.2695917698975669,0.44555732964999123,0.5418066753419528,0.08978786103592849
4.349999999999952,0.2694922049384501,0.44711001024675456,0.543642723849055,0.08976809136241047
4.3599999999999515,0.2693938805451848,0.44866537046441407,0.5454799800469692,0.08974855885367027
4.369999999999951,0.26929677189223217,0.4502233928871462,0.5473184478377991,0.0897292582000385
4.379999999999951,0.26920085488897144,0.4517840599978663,0.5491581307472669,0.08971018427547743
4.389999999999951,0.269106106153663,0.4533473541924672,0.5509990319439917,0.0896913321312113
4.399999999999951,0.2690125029883842,0.454913257793308,0.5528411542579253,0.08967269698954264
4.40999999999995,0.2689200233549075,0.4564817530619868,0.5546845001979774,0.08965427423786232
4.41999999999995,0.26882864585148186,0.45805282221142746,0.5565290719688643,0.08963605942283855
4.42999999999995,0.2687383496904867,0.459626447417314,0.5583748714872127,0.08961804824479289
4.43999999999995,0.26864911467692426,0.4612026108289006,0.5602219003969515,0.08960023655225294
4.4499999999999496,0.26856092118771874,0.4627812945792265,0.5620701600840187,0.0895826203366816
4.459999999999949,0.2684737501517944,0.4643624807947628,0.563919651690413,0.08956519572737519
4.469999999999949,0.2683875830309001,0.46594615160451713,0.56577037612762,0.0895479589865319
4.479999999999949,0.2683024018011535,0.4675322891486225,0.567622334089435,0.089530906504482
4.489999999999949,0.2682181889352799,0.4691208755864315,0.5694755260642113,0.08951403479508148
4.4999999999999485,0.26813492738551514,0.47071189310414313,0.5713299523465585,0.08949734049125507
4.509999999999948,0.2680526005671532,0.4723053239219787,0.5731856130485116,0.08948082034069686
4.519999999999948,0.2679711923427049,0.47390115030093516,0.5750425081101962,0.0894644712017169
4.529999999999948,0.26789068700665797,0.4754993545491268,0.5769006373100106,0.08944829003923194
4.539999999999948,0.26781106927080073,0.47709991902774496,0.5787600002743444,0.08943227392089409
4.549999999999947,0.2677323242501003,0.47870282615664445,0.580620596486855,0.08941642001335726
4.559999999999947,0.26765443744910544,0.48030805841958196,0.5824824252973229,0.08940072557867587
4.569999999999947,0.26757739474886144,0.4819155983691177,0.5843454859300975,0.08938518797082927
4.579999999999947,0.267501182394309,0.48352542863120124,0.5862097774921604,0.08936980463237387
4.589999999999947,0.2674257869821566,0.48513753190945297,0.588075298980815,0.08935457309121045
4.599999999999946,0.26735119544920527,0.48675189098915783,0.5899420492910233,0.0893394909574729
4.609999999999946,0.26727739506110443,0.48836848874098604,0.5918100272224037,0.08932455592052978
4.619999999999946,0.26720437340153014,0.4899873081244523,0.5936792314859046,0.08930976574608934
4.629999999999946,0.26713211836176226,0.4916083321911281,0.5955496607101688,0.0892951182734184
4.6399999999999455,0.2670606181306506,0.4932315440876187,0.5974213134476027,0.08928061141265921
4.649999999999945,0.26698986118494955,0.4948569270583168,0.5992941881801607,0.08926624314224423
4.659999999999945,0.26691983628001537,0.4964844644479423,0.6011682833248612,0.08925201150641103
4.669999999999945,0.26685053244084184,0.4981141397038831,0.6030435972390433,0.08923791461280497
4.679999999999945,0.2667819389534297,0.49974593637834236,0.6049201282253778,0.08922395063017544
4.689999999999944,0.26671404535647314,0.5013798381303051,0.6067978745366401,0.08921011778615522
4.699999999999944,0.26664684143335243,0.5030158287273311,0.6086768343802609,0.08919641436512486
4.709999999999944,0.2665803172044188,0.5046538920471874,0.6105570059226595,0.08918283870615798
4.719999999999944,0.26651446291956393,0.5062940120793216,0.6124383872933717,0.0891693892010418
4.729999999999944,0.2664492690510601,0.5079361729261913,0.6143209765889833,0.08915606429237788
4.739999999999943,0.26638472628666243,0.5095803588044531,0.6162047718768735,0.08914286247174782
4.749999999999943,0.2663208255229599,0.5112265540460204,0.6180897711987813,0.08912978227795608
4.759999999999943,0.26625755785897265,0.5128747430989946,0.6199759725741999,0.08911682229533366
4.769999999999943,0.26619491458997646,0.5145249105284813,0.6218633740036088,0.08910398115211272
4.7799999999999425,0.2661328872015541,0.5161770410172907,0.6237519734715493,0.08909125751885882
4.789999999999942,0.2660714673638605,0.5178311193665353,0.6256417689495518,0.0890786501069654
4.799999999999942,0.26601064692609394,0.5194871304961262,0.6275327583989206,0.08906615766720832
4.809999999999942,0.26595041791116636,0.521145059445176,0.6294249397733848,0.08905377898835175
4.819999999999942,0.26589077251056537,0.5228048913723105,0.6313183110216175,0.08904151289581326
4.8299999999999415,0.265831703079398,0.5244666115558989,0.6332128700896339,0.08902935825037554
4.839999999999941,0.26577320213161504,0.5261302053942016,0.6351086149230706,0.08901731394695338
4.849999999999941,0.2657152623354001,0.5277956584054458,0.637005543469353,0.08900537891340501
4.859999999999941,0.26565787650872597,0.5294629562278294,0.6389036536797557,0.08899355210939264
4.869999999999941,0.26560103761506726,0.5311320846194569,0.6408029435113599,0.088981832525282
4.87999999999994,0.26554473875926404,0.5328030294582162,0.6427034109289153,0.08897021918109645
4.88999999999994,0.2654889731835303,0.5344757767415929,0.6446050539066065,0.08895871112549744
4.89999999999994,0.265433734263604,0.5361503125864316,0.6465078704297337,0.08894730743481745
4.90999999999994,0.2653790155050296,0.537826623228645,0.6484118584963063,0.08893600721212452
4.9199999999999395,0.2653248105395718,0.5395046950228738,0.6503170161185586,0.08892480958632695
4.929999999999939,0.2652711131217529,0.5411845144421003,0.6522233413243859,0.08891371371130954
4.939999999999939,0.2652179171255104,0.5428660680772216,0.6541308321587099,0.08890271876510875
4.949999999999939,0.26516521654097003,0.5445493426365798,0.6560394866847742,0.08889182394911771
4.959999999999939,0.26511300547132904,0.5462343249454575,0.6579493029853711,0.08888102848732463
4.9699999999999385,0.2650612781298466,0.5479210019455367,0.6598602791640087,0.08887033162557839
4.979999999999938,0.2650100288369378,0.5496093606943255,0.6617724133460148,0.08885973263088941
4.989999999999938,0.2649592520173649,0.5512993883645557,0.6636857036795847,0.08884923079075023
4.999999999999938,0.264908942197525,0.5529910722435507,0.6656001483367747,0.08883882541249274
5.009999999999938,0.2648590940028288,0.5546843997325681,0.667515745514443,0.08882851582266339
5.019999999999937,0.2648097021551674,0.5563793583461182,0.6694324934351411,0.08881830136642818
5.029999999999937,0.26476076147046435,0.5580759357112607,0.6713503903479583,0.08880818140700009
5.039999999999937,0.26471226685630855,0.5597741195668788,0.6732694345293219,0.08879815532509008
5.049999999999937,0.2646642133096671,0.5614738977629372,0.6751896242837535,0.0887882225183786
5.0599999999999365,0.2646165959146729,0.5631752582597201,0.6771109579445861,0.08877838240101234
5.069999999999936,0.26456940984048427,0.5648781891270559,0.6790334338746418,0.08876863440311908
5.079999999999936,0.2645226503392185,0.5665826785435235,0.6809570504668726,0.08875897797034023
5.089999999999936,0.26447631274394734,0.568288714795651,0.6828818061449676,0.08874941256338892
5.099999999999936,0.2644303924667623,0.5699962862770971,0.684807699363926,0.08873993765761841
5.1099999999999355,0.26438488499690044,0.5717053814878253,0.6867347286105987,0.08873055274261453
5.119999999999935,0.26433978589893176,0.5734159890332668,0.6886628924042008,0.08872125732180226
5.129999999999935,0.2642950908110037,0.5751280976234755,0.6905921892967948,0.08871205091206814
5.139999999999935,0.2642507954431409,0.5768416960722756,0.6925226178737469,0.08870293304340063
5.149999999999935,0.26420689557560306,0.5785567732964024,0.6944541767541598,0.08869390325854191
5.159999999999934,0.26416338705728853,0.5802733183146378,0.6963868645912775,0.08868496111265853
5.169999999999934,0.2641202658041946,0.5819913202469399,0.698320680072871,0.08867610617302377
5.179999999999934,0.26407752779792093,0.5837107683135709,0.7002556219215995,0.08866733801871161
5.189999999999934,0.26403516908422303,0.585431651834219,0.7021916888953523,0.08865865624030794
5.199999999999934,0.26399318577160824,0.5871539602271201,0.7041288797875707,0.08865006043962954
5.209999999999933,0.263951574029977,0.5888776830081763,0.7060671934275519,0.0886415502294584
5.219999999999933,0.2639103300893049,0.5906028097900743,0.7080066286807345,0.0886331252332869
5.229999999999933,0.26386945023836483,0.5923293302814017,0.7099471844489691,0.0886247850850719
5.239999999999933,0.26382893082348824,0.5940572342857645,0.7118888596707705,0.08861652942900151
5.2499999999999325,0.2637887682473638,0.5957865117009061,0.7138316533215587,0.08860835791927298
5.259999999999932,0.26374895896777706,0.5975171525179124,0.715775564413904,0.08860027021984954
5.269999999999932,0.2637094994966511,0.5992491468201757,0.7177205919977017,0.08859226600430703
5.279999999999932,0.2636703863988961,0.6009824847825658,0.7196667351603833,0.08858434495562127
5.289999999999932,0.263631616291324,0.6027171566705746,0.7216139930271104,0.08857650676597781
5.299999999999931,0.2635931858416152,0.6044531528394432,0.7235623647609505,0.08856875113659181
5.309999999999931,0.2635550917673157,0.606190463733293,0.7255118495630447,0.08856107777754013
5.319999999999931,0.2635173308348646,0.6079290798842585,0.727462446672764,0.0885534864075974
5.329999999999931,0.26347989985864856,0.6096689919116255,0.7294141553678581,0.08854597675408335
5.339999999999931,0.2634427957000832,0.6114101905209731,0.7313669749645945,0.0885385485527148
5.34999999999993,0.2634060152667234,0.6131526665033186,0.7333209048178897,0.08853120154746567
5.35999999999993,0.26336955551139457,0.6148964107342695,0.7352759443214341,0.0885239354904319
5.36999999999993,0.2633334134313533,0.616641414173178,0.7372320929078079,0.08851675014170794
5.37999999999993,0.26329758606746817,0.6183876678623011,0.7391893500485937,0.08850964526926151
5.3899999999999295,0.2632620705034252,0.6201351629259673,0.7411477152544786,0.08850262064882308
5.399999999999929,0.2632268638649549,0.6218838905697475,0.7431071880753561,0.08849567606377291
5.409999999999929,0.26319196331908074,0.6236338420796312,0.7450677681004177,0.08848881130504165
5.419999999999929,0.26315736607338863,0.6253850088212096,0.7470294549582431,0.08848202617100835
5.429999999999929,0.26312306937531643,0.6271373822388642,0.7489922483168852,0.08847532046741144
5.4399999999999284,0.2630890705114626,0.628890953854961,0.7509561478839504,0.08846869400725642
5.449999999999928,0.26305536680691366,0.6306457152690509,0.7529211534066755,0.08846214661073835
5.459999999999928,0.263021955624589,0.6324016581570786,0.7548872646720023,0.08845567810515921
5.469999999999928,0.2629888343646057,0.6341587742705933,0.7568544815066477,0.08844928832485577
5.479999999999928,0.26295600046365725,0.6359170554359709,0.7588228037771713,0.08844297711113026
5.489999999999927,0.2629234513944108,0.6376764935536392,0.7607922313900418,0.08843674431218432
5.499999999999927,0.26289118466491984,0.6394370805973121,0.7627627642916996,0.08843058978305952
5.509999999999927,0.26285919781805134,0.6411988086132284,0.7647344024686191,0.08842451338557668
5.519999999999927,0.2628274884309301,0.6429616697193995,0.7667071459473673,0.08841851498828848
5.5299999999999265,0.2627960541143952,0.6447256561048617,0.7686809947946632,0.0884125944664229
5.539999999999926,0.2627648925124706,0.6464907600289379,0.770655949117435,0.0884067517018412
5.549999999999926,0.2627340013018526,0.6482569738205037,0.7726320090628757,0.08840098658299352
5.559999999999926,0.2627033781914059,0.6500242898772618,0.7746091748184988,0.08839529900488141
5.569999999999926,0.2626730209216757,0.6517927006650235,0.7765874466121937,0.08838968886901866
5.5799999999999255,0.26264292726441135,0.653562198716996,0.7785668247122798,0.0883841560834008
5.589999999999925,0.2626130950221002,0.655332776633078,0.7805473094275609,0.0883787005624736
5.599999999999925,0.2625835220275173,0.6571044270791616,0.7825289011073798,0.08837332222710706
5.609999999999925,0.26255420614328245,0.6588771427864406,0.7845116001416731,0.08836802100457004
5.619999999999925,0.2625251452614292,0.6606509165507274,0.7864954069610257,0.08836279682851066
5.629999999999924,0.26249633730298705,0.6624257412317747,0.7884803220367261,0.08835764963893429
5.639999999999924,0.26246778021756956,0.6642016097526067,0.790466345880823,0.08835257938219104
5.649999999999924,0.2624394719829776,0.6659785150988545,0.7924534790461812,0.08834758601096146
5.659999999999924,0.2624114106048073,0.6677564503181008,0.7944417221265407,0.08834266948424314
5.6699999999999235,0.2623835941160738,0.6695354085192293,0.7964310757565739,0.08833782976734371
5.679999999999923,0.26235602254995427,0.6713153824085833,0.7984215401199654,0.08833306750505607
5.689999999999923,0.2623286982711153,0.6730963642199075,0.8004131148856715,0.08832838413519084
5.699999999999923,0.2623016191302875,0.6748783473153345,0.8024058009130919,0.08832377955264002
5.709999999999923,0.2622747830145962,0.6766613251125052,0.8043995990983714,0.0883192536621311
5.7199999999999225,0.26224818784681164,0.6784452910841002,0.8063945103746615,0.08831480637809218
5.729999999999922,0.262221831584626,0.6802302387573687,0.808390535712376,0.08831043762451854
5.739999999999922,0.2621957122199503,0.6820161617136601,0.8103876761194412,0.08830614733485423
5.749999999999922,0.2621698277782372,0.6838030535879549,0.8123859326415381,0.08830193545187631
5.759999999999922,0.26214417631782505,0.6855909080683968,0.8143853063623407,0.088297801927585
5.769999999999921,0.2621187559293031,0.6873797188958272,0.8163857984037486,0.08829374672310834
5.779999999999921,0.2620935647348964,0.6891694798633181,0.818387409926114,0.0882897698085981
5.789999999999921,0.2620686008878731,0.6909601848157099,0.8203901421284672,0.08828587116314947
5.799999999999921,0.26204386293156834,0.6927518275692386,0.8223939961663619,0.08828205089769722
5.809999999999921,0.26201934934707555,0.6945444020123803,0.8243989732581755,0.08827830910046865
5.81999999999992,0.2619950583481302,0.6963379021500793,0.826405074730638,0.08827464576690544
5.82999999999992,0.2619709881784754,0.6981323220368689,0.8284123019495435,0.08827106090148815
5.83999999999992,0.2619471371113097,0.6999276557764341,0.83042065631998,0.08826755451765957
5.84999999999992,0.2619235034487545,0.7017238975211738,0.8324301392865526,0.08826412663775333
5.8599999999999195,0.2619000855213395,0.7035210414717656,0.8344407523336055,0.08826077729293012
5.869999999999919,0.26187688168750384,0.7053190818767321,0.8364524969854418,0.08825750652311927
5.879999999999919,0.261853890333114,0.7071180130320094,0.8384653748065395,0.08825431437696168
5.889999999999919,0.26183110987099634,0.7089178292805193,0.840479387401767,0.08825120091176422
5.899999999999919,0.2618085387404864,0.7107185250117413,0.8424945364165958,0.0882481661934528
5.909999999999918,0.261786175406992,0.7125200946612888,0.8445108235373123,0.08824521029653523
5.919999999999918,0.26176401836156954,0.7143225327104873,0.8465282504912282,0.08824233330406477
5.929999999999918,0.26174206612051654,0.7161258336859554,0.8485468190468892,0.08823953530761015
5.939999999999918,0.2617203172249739,0.7179299921591882,0.8505665310142855,0.08823681640723136
5.949999999999918,0.26169877024054494,0.7197350027461434,0.8525873882450572,0.08823417671145609
5.959999999999917,0.2616774237569234,0.7215408601068315,0.8546093926327047,0.08823161633726279
5.969999999999917,0.2616562763875353,0.7233475589449063,0.8566325461127953,0.08822913541006822
5.979999999999917,0.2616353267691925,0.725155094007261,0.8586568506631703,0.08822673406371848
5.989999999999917,0.26161457356175605,0.7269634600836264,0.8606823083041548,0.08822441244047996
5.9999999999999165,0.2615940154478133,0.7287726520061715,0.8627089210987648,0.0882221706910422
6.009999999999916,0.2615736511323617,0.7305826646491074,0.8647366911529176,0.08822000897451772
6.019999999999916,0.26155347934250683,0.7323934929282956,0.8667656206156407,0.0882179274584472
6.029999999999916,0.2615334988271673,0.7342051318008584,0.8687957116792838,0.08821592631880902
6.039999999999916,0.2615137083567915,0.7360175762647918,0.8708269665797309,0.08821400574003106
6.0499999999999154,0.2614941067230825,0.7378308213585838,0.8728593875966132,0.08821216591500892
6.059999999999915,0.2614746927387324,0.739644862160833,0.8748929770535248,0.0882104070451213
6.069999999999915,0.2614554652371659,0.741459693789874,0.8769277373182387,0.08820872934025724
6.079999999999915,0.26143642307229165,0.743275311403403,0.8789636708029251,0.08820713301883772
6.089999999999915,0.26141756511826336,0.7450917101981082,0.8810007799643722,0.08820561830784543
6.099999999999914,0.26139889026924706,0.7469088854093038,0.8830390673042071,0.08820418544285956
6.109999999999914,0.2613803974391988,0.7487268323105658,0.8850785353691216,0.08820283466808568
6.119999999999914,0.26136208556164703,0.7505455462133737,0.8871191867510967,0.0882015662363995
6.129999999999914,0.26134395358948603,0.7523650224667522,0.8891610240876329,0.08820038040938392
6.1399999999999135,0.2613260004947731,0.7541852564569198,0.8912040500619812,0.08819927745737255
6.149999999999913,0.26130822526853564,0.7560062436069376,0.893248267403376,0.0881982576595007
6.159999999999913,0.26129062692058325,0.7578279793763636,0.8952936788872727,0.08819732130375027
6.169999999999913,0.2612732044793285,0.7596504592609097,0.8973402873355861,0.08819646868700591
6.179999999999913,0.2612559569916123,0.7614736787921014,0.8993880956169329,0.08819570011510718
6.1899999999999125,0.2612388835225372,0.7632976335369416,0.9014371066468759,0.08819501590290968
6.199999999999912,0.2612219831553068,0.7651223190975774,0.9034873233881737,0.08819441637434393
6.209999999999912,0.26120525499107,0.7669477311109708,0.9055387488510301,0.08819390186247973
6.219999999999912,0.2611886981487731,0.7687738652485715,0.90759138609335,0.08819347270959334
6.229999999999912,0.2611723117650172,0.770600717215994,0.9096452382209956,0.08819312926723447
6.239999999999911,0.2611560949939212,0.7724282827526976,0.9117003083880489,0.08819287189630055
6.249999999999911,0.2611400470069891,0.7742565576316698,0.9137565997970757,0.08819270096710866
6.259999999999911,0.26112416699298596,0.7760855376591129,0.9158141156993933,0.08819261685947653
6.269999999999911,0.26110845415781736,0.7779152186741328,0.9178728593953428,0.0881926199627975
6.2799999999999105,0.26109290772441285,0.7797455965484346,0.9199328342345645,0.08819271067612812
6.28999999999991,0.2610775269326183,0.7815766671860149,0.9219940436162763,0.08819288940826867
6.29999999999991,0.26106231103908883,0.7834084265228649,0.9240564909895576,0.08819315657785658
6.30999999999991,0.2610472593171919,0.7852408705266706,0.9261201798536355,0.08819351261345122
6.31999999999991,0.2610323710569107,0.7870739951965191,0.9281851137581755,0.08819395795363184
6.3299999999999095,0.2610176455647555,0.7889077965626073,0.9302512963035773,0.08819449304709176
6.339999999999909,0.2610030821636787,0.790742270685954,0.9323187311412721,0.08819511835273704
6.349999999999909,0.26098868019299326,0.7925774136581145,0.9343874219740272,0.08819583433978885
6.359999999999909,0.2609744390083001,0.7944132216008984,0.936457372556252,0.08819664148788751
6.369999999999909,0.26096035798141476,0.7962496906660911,0.9385285866943098,0.08819754028719871
6.379999999999908,0.2609464365003019,0.798086817035177,0.9406010682468341,0.08819853123852421
6.389999999999908,0.26093267396901426,0.7999245969190675,0.9426748211250471,0.08819961485341425
6.399999999999908,0.26091906980763435,0.8017630265578298,0.9447498492930864,0.0882007916542834
6.409999999999908,0.2609056234522227,0.8036021022204201,0.9468261567683314,0.08820206217452853
6.419999999999908,0.26089233435476783,0.8054418202044196,0.9489037476217389,0.08820342695864807
6.429999999999907,0.26087920198314324,0.8072821768357734,0.9509826259781797,0.08820488656236931
6.439999999999907,0.26086622582106805,0.8091231684685306,0.9530627960167816,0.0882064415527731
6.449999999999907,0.2608534053680691,0.8109647914845897,0.955144261971276,0.08820809250842375
6.459999999999907,0.2608407401394521,0.8128070422934459,0.9572270281303505,0.08820984001950408
6.4699999999999065,0.26082822966627267,0.81464991733194,0.9593110988380048,0.08821168468794682
6.479999999999906,0.2608158734953144,0.816493413064012,0.9613964784939117,0.08821362712757802
6.489999999999906,0.26080367118906844,0.8183375259804555,0.963483171553784,0.08821566796425646
6.499999999999906,0.2607916223257205,0.8201822525986767,0.9655711825297444,0.08821780783601808
6.509999999999906,0.2607797264991391,0.8220275894624544,0.9676605159907014,0.08822004739322759
6.519999999999905,0.2607679833188692,0.823873533141704,0.9697511765627297,0.08822238729872368
6.529999999999905,0.260756392410129,0.8257200802322433,0.9718431689294565,0.08822482822798063
6.539999999999905,0.26074495341381326,0.8275672273555605,0.9739364978324506,0.08822737086926083
6.549999999999905,0.26073366598649744,0.829414971158587,0.9760311680716177,0.0882300159237782
6.559999999999905,0.2607225298004477,0.8312633083134692,0.978127184505602,0.0882327641058609
6.569999999999904,0.2607115445436342,0.8331122355173468,0.98022455205219,0.08823561614312052
6.579999999999904,0.2607007099197507,0.83496174949213,0.9823232756887212,0.08823857277662464
6.589999999999904,0.2606900256482343,0.8368118469842815,0.9844233604525041,0.08824163476106835
6.599999999999904,0.26067949146429276,0.8386625247646003,0.986524811441235,0.08824480286495393
6.6099999999999035,0.2606691071189335,0.8405137796280082,0.9886276338134253,0.08824807787077331
6.619999999999903,0.2606588723789995,0.8423656083933375,0.9907318327888301,0.08825146057519302
6.629999999999903,0.26064878702720523,0.8442180079031227,0.9928374136488852,0.08825495178924404
6.639999999999903,0.26063885086218086,0.8460709750233939,0.9949443817371465,0.08825855233851287
6.649999999999903,0.26062906369851785,0.8479245066434721,0.9970527424597369,0.08826226306334148
6.659999999999902,0.26061942536682,0.8497785996757675,0.9991625012857959,0.0882660848190232
6.669999999999902,0.2606099357137581,0.85163325105558,1.0012736637479367,0.08827001847601369
6.679999999999902,0.2606005946021298,0.853488457740901,1.0033862354427054,0.088274064920133
6.689999999999902,0.2605914019109212,0.8553442167122194,1.0055002220310494,0.08827822505278289
6.699999999999902,0.26058235753537645,0.8572005249723277,1.007615629238786,0.08828249979116196
6.709999999999901,0.2605734613870682,0.8590573795461318,1.00973246285708,0.08828689006848615
6.719999999999901,0.2605647133939748,0.8609147774804625,1.0118507287429248,0.08829139683421486
6.729999999999901,0.2605561135005597,0.8627727158438885,1.0139704328196275,0.0882960210542792
6.739999999999901,0.26054766166785825,0.8646311917265328,1.0160915810773012,0.08830076371131841
6.7499999999999005,0.2605393578735653,0.8664902022398907,1.0182141795733601,0.08830562580491629
6.7599999999999,0.26053120211213115,0.8683497445166486,1.020338234433021,0.08831060835184475
6.7699999999999,0.2605231943948576,0.8702098157105076,1.0224637518498088,0.08831571238631168
6.7799999999999,0.26051533475000355,0.872070412996007,1.0245907380860673,0.08832093896021351
6.7899999999999,0.26050762322289134,0.8739315335683497,1.0267191994734746,0.08832628914339238
6.7999999999998995,0.26050005987601954,0.8757931746432316,1.0288491424135633,0.08833176402389796
6.809999999999899,0.26049264478917983,0.877655333456671,1.0309805733782453,0.088337364708254
6.819999999999899,0.2604853780595802,0.8795180072648408,1.0331134989103412,0.0883430923217316
6.829999999999899,0.2604782598019705,0.8813811933439026,1.0352479256241143,0.08834894800862626
6.839999999999899,0.2604712901487749,0.8832448889898432,1.0373838602058085,0.08835493293253954
6.849999999999898,0.26046446925022865,0.8851090915183117,1.0395213094141922,0.0883610482766669
6.859999999999898,0.26045779727451973,0.8869737982644604,1.041660280081105,0.08836729524409222
6.869999999999898,0.26045127440793736,0.8888390065827853,1.0438007791120083,0.08837367505808441
6.879999999999898,0.26044490085502114,0.8907047138469708,1.0459428134865423,0.08838018896240393
6.8899999999998975,0.2604386768387224,0.8925709174497344,1.0480863902590836,0.08838683822161025
6.899999999999897,0.26043260260056394,0.8944376148026747,1.0502315165593095,0.08839362412137995
6.909999999999897,0.26042667840080985,0.8963048033361195,1.0523781995927661,0.08840054796882643
6.919999999999897,0.26042090451863936,0.898172480498978,1.0545264466414372,0.08840761109282941
6.929999999999897,0.2604152812523272,0.9000406437585915,1.0566762650643196,0.08841481484436707
6.9399999999998965,0.2604098089194253,0.9019092906005901,1.0588276622980002,0.08842216059685604
6.949999999999896,0.26040448785695847,0.9037784185287475,1.060980645857238,0.08842964974649889
6.959999999999896,0.2603993184216179,0.9056480250648389,1.0631352233355462,0.08843728371263532
6.969999999999896,0.2603943009899657,0.9075181077485011,1.06529140240578,0.0884450639381021
6.979999999999896,0.260389435958642,0.9093886641370938,1.0674491908207264,0.08845299188959829
6.989999999999895,0.2603847237445829,0.9112596918055619,1.0696085964136945,0.088461069058058
6.999999999999895,0.26038016478523907,0.9131311883463011,1.071769627099111,0.08846929695902997
7.009999999999895,0.260375759538805,0.915003151369024,1.073932290873116,0.08847767713306469
7.019999999999895,0.26037150848445273,0.9168755785006273,1.07609659581416,0.0884862111461029
7.0299999999998946,0.26036741212257347,0.9187484673850624,1.0782625500836056,0.08849490058988412
7.039999999999894,0.2603634709750239,0.9206218156832061,1.0804301619263263,0.08850374708234841
7.049999999999894,0.26035968558538186,0.9224956210727333,1.0825994396713092,0.08851275226805375
7.059999999999894,0.2603560565192073,0.9243698812479919,1.084770391732258,0.0885219178185985
7.069999999999894,0.26035258436431097,0.9262445939198782,1.0869430266081954,0.08853124543305305
7.0799999999998935,0.26034926973102945,0.9281197568157148,1.0891173528840674,0.08854073683839715
7.089999999999893,0.2603461132525094,0.9299953676791298,1.0912933792313448,0.08855039378996624
7.099999999999893,0.2603431155849978,0.9318714242699367,1.093471114408627,0.08856021807190566
7.109999999999893,0.2603402774081392,0.9337479243640177,1.0956505672622434,0.08857021149763444
7.119999999999893,0.2603375994252827,0.9356248657532061,1.0978317467268535,0.08858037591031369
7.129999999999892,0.26033508236379643,0.9375022462451726,1.100014661826045,0.08859071318332891
7.139999999999892,0.2603327269753879,0.9393800636633111,1.102199321672931,0.08860122522077499
7.149999999999892,0.2603305340364348,0.9412583158466276,1.1043857354707445,0.08861191395795463
7.159999999999892,0.2603285043483246,0.943137000649629,1.106573912513427,0.08862278136188283
7.169999999999892,0.2603266387377993,0.9450161159422151,1.1087638621862181,0.08863382943180176
7.179999999999891,0.2603249380573138,0.94689565960957,1.1109555939662379,0.08864506019970231
7.189999999999891,0.2603234031853988,0.9487756295520574,1.1131491174230648,0.08865647573085904
7.199999999999891,0.26032203502703444,0.9506560236851151,1.1153444422193113,0.08866807812437057
7.209999999999891,0.2603208345140329,0.9525368399391517,1.1175415781111888,0.08867986951371128
7.2199999999998905,0.2603198026054319,0.954418076259446,1.1197405349490717,0.08869185206729299
7.22999999999989,0.26031894028789476,0.9562997306060452,1.1219413226780506,0.08870402798903422
7.23999999999989,0.2603182485761222,0.9581818009536669,1.1241439513384783,0.08871639951894063
7.24999999999989,0.26031772851327345,0.9600642852916017,1.1263484310665106,0.08872896893369807
7.25999999999989,0.2603173811713984,0.9619471816236164,1.1285547720946327,0.08874173854726947
7.269999999999889,0.2603172076518775,0.9638304879678591,1.1307629847521812,0.08875471071150864
7.279999999999889,0.2603172090858759,0.965714202356767,1.13297307946585,0.0887678878167796
7.289999999999889,0.2603173866348033,0.9675983228369728,1.1351850667601904,0.08878127229258884
7.299999999999889,0.26031774149079073,0.9694828474692152,1.1373989572580934,0.08879486660822794
7.309999999999889,0.26031827487717235,0.9713677743282494,1.1396147616812633,0.0888086732734244
7.319999999999888,0.26031898804898285,0.9732531015027582,1.1418324908506727,0.08882269483900825
7.329999999999888,0.26031988229346475,0.9751388270952667,1.144052155687006,0.08883693389758411
7.339999999999888,0.260320958930586,0.9770249492220556,1.1462737672110843,0.08885139308421812
7.349999999999888,0.26032221931357324,0.9789114660130783,1.148497336544273,0.08886607507713341
7.3599999999998875,0.2603236648294529,0.9807983756118784,1.1507228749088725,0.0888809825984194
7.369999999999887,0.2603252968996071,0.9826856761755073,1.1529503936284875,0.0888961184147506
7.379999999999887,0.26032711698034194,0.9845733658744446,1.1551799041283763,0.08891148533811494
7.389999999999887,0.2603291265634683,0.9864614428925197,1.1574114179357764,0.0889270862265597
7.399999999999887,0.26033132717689506,0.9883499054268348,1.1596449466802086,0.08894292398494166
7.4099999999998865,0.2603337203852368,0.9902387516876875,1.1618805020937548,0.08895900156569359
7.419999999999886,0.260336307790434,0.9921279798984975,1.1641180960113107,0.08897532196960051
7.429999999999886,0.2603390910323865,0.9940175882957321,1.1663577403708072,0.08899188824658963
7.439999999999886,0.2603420717896043,0.9959075751288343,1.1685994472134071,0.08900870349652722
7.449999999999886,0.26034525177986667,0.9977979386601519,1.170843228683667,0.08902577087003526
7.459999999999885,0.2603486327609017,0.9996886771648681,1.1730890970296677,0.08904309356930917
7.469999999999885,0.2603522165310758,1.001579788930933,1.17533706460311,0.08906067484896033
7.479999999999885,0.2603560049301024,1.003471272258997,1.1775871438593735,0.08907851801685732
7.489999999999885,0.2603599998397621,1.0053631254623439,1.179839347357538,0.08909662643498781
7.4999999999998845,0.2603642031846396,1.0072553468668277,1.1820936877603625,0.08911500352033128
7.509999999999884,0.26036861693287827,1.0091479348108092,1.1843501778342245,0.08913365274573451
7.519999999999884,0.2603732430969468,1.0110408876450931,1.186608830449012,0.08915257764081526
7.529999999999884,0.26037808373442567,1.0129342037328692,1.1888696585779706,0.08917178179286038
7.539999999999884,0.260383140948807,1.014827881449651,1.1911326752974993,0.08919126884774685
7.5499999999998835,0.26038841689031444,1.016721919183219,1.193397893786897,0.08921104251087013
7.559999999999883,0.2603939137567356,1.0186163153335646,1.1956653273280522,0.0892311065480807
7.569999999999883,0.2603996337942766,1.0205110683128318,1.1979349893050788,0.08925146478663983
7.579999999999883,0.26040557929842884,1.0224061765452659,1.2002068932038887,0.08927212111617763
7.589999999999883,0.2604117526148578,1.024301638467159,1.2024810526117058,0.08929307948966646
7.599999999999882,0.26041815614030694,1.0261974525267994,1.204757481216511,0.08931434392440342
7.609999999999882,0.2604247923235207,1.028093617184419,1.2070361928064226,0.08933591850300417
7.619999999999882,0.26043166366618553,1.0299901309121475,1.2093172012690008,0.08935780737440585
7.629999999999882,0.26043877272388927,1.0318869921939613,1.2116005205904807,0.08938001475487833
7.6399999999998816,0.2604461221070994,1.0337841995256387,1.2138861648549262,0.08940254492904653
7.649999999999881,0.2604537144821604,1.0356817514147143,1.2161741482432997,0.08942540225092097
7.659999999999881,0.2604615525723097,1.0375796463804348,1.21846448503245,0.08944859114493749
7.669999999999881,0.26046963915871296,1.0394778829537155,1.2207571895940084,0.0894721161070028
7.679999999999881,0.26047797708151854,1.0413764596771005,1.2230522763931901,0.08949598170555008
7.6899999999998805,0.2604865692409325,1.0432753751047203,1.225349759987503,0.08952019258259841
7.69999999999988,0.26049541859831277,1.0451746278022547,1.2276496550253488,0.08954475345482249
7.70999999999988,0.26050452817728215,1.0470742163468933,1.2299519762445226,0.08956966911462474
7.71999999999988,0.2605139010648624,1.0489741393273007,1.2322567384705991,0.08959494443121305
7.72999999999988,0.260523540412629,1.0508743953435793,1.2345639566152034,0.08962058435168391
7.739999999999879,0.2605334494378837,1.052774983007237,1.236873645674164,0.08964659390210845
7.749999999999879,0.2605436314248497,1.0546759009411535,1.2391858207255373,0.08967297818861932
7.759999999999879,0.26055408972588606,1.056577147779549,1.2415004969275016,0.08969974239850172
7.769999999999879,0.26056482776272116,1.0584787221679528,1.2438176895161168,0.0897268918012845
7.779999999999879,0.2605758490277086,1.0603806227631762,1.2461374138029415,0.08975443174982815
7.789999999999878,0.26058715708510155,1.062282848233284,1.2484596851725005,0.08978236768141648
7.799999999999878,0.260598755572348,1.064185397257565,1.2507845190796008,0.0898107051188385
7.809999999999878,0.2606106482014058,1.0660882685265107,1.2531119310464867,0.0898394496714724
7.819999999999878,0.2606228387600759,1.0679914607417877,1.2554419366598293,0.08986860703636065
7.8299999999998775,0.2606353311133601,1.0698949726162157,1.2577745515675403,0.08989818299928043
7.839999999999877,0.26064812920483127,1.0717988028737457,1.260109791475409,0.08992818343580104
7.849999999999877,0.2606612370580294,1.0737029502494382,1.2624476721435496,0.08995861431233783
7.859999999999877,0.2606746587778717,1.0756074134894436,1.264788209382656,0.08998948168718643
7.869999999999877,0.2606883985520835,1.0775121913509838,1.2671314190500509,0.09002079171155034
7.879999999999876,0.2607024606526476,1.0794172826023338,1.2694773170455314,0.09005255063054651
7.889999999999876,0.26071684943727,1.0813226860228053,1.2718259193069879,0.09008476478419888
7.899999999999876,0.2607315693508634,1.0832284004027313,1.2741772418058046,0.09011744060840478
7.909999999999876,0.2607466249270469,1.08513442454345,1.2765313005420194,0.09015058463588359
7.919999999999876,0.26076202078966276,1.0870407572572924,1.278888111539242,0.09018420349710002
7.929999999999875,0.2607777616543071,1.0889473973675696,1.2812476908393202,0.09021830392115723
7.939999999999875,0.2607938523298751,1.090854343708559,1.2836100544967404,0.09025289273666003
7.949999999999875,0.2608102977201208,1.0927615951254936,1.2859752185727586,0.09028797687254585
7.959999999999875,0.26082710282522936,1.0946691504745534,1.2883431991292487,0.09032356335887824
7.9699999999998745,0.2608442727433985,1.0965770086228526,1.290714012222258,0.09035965932759733
7.979999999999874,0.2608618126724339,1.0984851684484322,1.2930876738952595,0.09039627201323423
7.989999999999874,0.26087972791334774,1.1003936288325038,1.295464200166644,0.09043340875431775
7.999999999999874,0.2608980238742491,1.102302388650612,1.297843607016056,0.09047107699484816
8.009999999999874,0.26091670606143036,1.1042114468134978,1.300225910405404,0.090509284280901
8.019999999999873,0.26093578008724344,1.1061208022427969,1.3026111262537814,0.09054803826346658
8.029999999999873,0.26095525167172606,1.1080304538710322,1.304999270429036,0.09058734669888567
8.039999999999873,0.26097512664422734,1.1099404006416076,1.3073903587389666,0.09062721744921122
8.049999999999873,0.2609954109450342,1.1118506415088016,1.3097844069221356,0.09066765848250144
8.059999999999873,0.2610161106269935,1.1137611754377608,1.312181430638282,0.09070867787303266
8.069999999999872,0.2610372318571307,1.1156720014044914,1.3145814454583262,0.09075028380142637
8.079999999999872,0.2610587809182602,1.1175831183958558,1.316984466853947,0.09079248455469048
8.089999999999872,0.2610807642105844,1.1194945254095618,1.319390510186721,0.09083528852616198
8.099999999999872,0.2611031882532828,1.1214062214541582,1.3217995906968119,0.0908787042153472
8.109999999999872,0.2611260596860827,1.1233182055490223,1.324211723491189,0.09092274022765814
8.119999999999871,0.261149385270812,1.1252304767243544,1.3266269235313675,0.09096740527402815
8.129999999999871,0.26117317189292977,1.127143034021166,1.3290452056206512,0.09101270817041038
8.139999999999871,0.261197426563031,1.1290558764912675,1.3314665843908629,0.09105865783714284
8.14999999999987,0.2612221564183203,1.1309690031972583,1.33389107428855,0.09110526329817971
8.15999999999987,0.2612473687240544,1.13288241321251,1.3363186895606458,0.09115253368017547
8.16999999999987,0.26127307087494417,1.1347961056211509,1.3387494442395746,0.09120047821141555
8.17999999999987,0.2612992703965158,1.1367100795180487,1.3411833521277807,0.09124910622058661
8.18999999999987,0.26132597494642357,1.1386243340087905,1.3436204267816672,0.09129842713537335
8.19999999999987,0.26135319231571114,1.1405388682096584,1.3460606814949305,0.09134845048087659
8.20999999999987,0.26138093043001487,1.1424536812476065,1.3485041292812703,0.09139918587784047
8.21999999999987,0.2614091973507028,1.14436877226023,1.3509507828564589,0.0914506430406802
8.229999999999869,0.26143800127594613,1.1462841403957353,1.353400654619756,0.09150283177529878
8.239999999999869,0.26146735054171255,1.1481997848129024,1.3558537566346518,0.09155576197668155
8.249999999999869,0.2614972536226802,1.1501157046810475,1.3583101006089184,0.09160944362625928
8.259999999999868,0.26152771913306017,1.1520318991799778,1.360769697873956,0.09166388678902786
8.269999999999868,0.26155875582732313,1.1539483674999425,1.3632325593634191,0.09171910161041064
8.279999999999868,0.2615903726008228,1.155865108841579,1.3656986955911004,0.09177509831285365
8.289999999999868,0.26162257849030474,1.1577821224158558,1.3681681166280633,0.09183188719213957
8.299999999999867,0.26165538267429705,1.159699407444003,1.3706408320790013,0.0918894786134104
8.309999999999867,0.2616887944733688,1.1616169631574431,1.3731168510578127,0.09194788300687966
8.319999999999867,0.2617228233502536,1.1635347887977119,1.3755961821623715,0.0920071108632258
8.329999999999867,0.2617574789098194,1.16545288361637,1.3780788334484857,0.09206717272865424
8.339999999999867,0.2617927708988839,1.1673712468749118,1.3805648124030205,0.09212807919960579
8.349999999999866,0.261828709205859,1.1692898778446592,1.3830541259161797,0.092189840917105
8.359999999999866,0.26186530386021506,1.171208775806651,1.3855467802529287,0.09225246856072852
8.369999999999866,0.2619025650317539,1.1731279400515215,1.388042781023548,0.092315972842185
8.379999999999866,0.261940503029679,1.175047369879367,1.3905421331533054,0.09238036449848007
8.389999999999866,0.2619791283014478,1.1769670645996027,1.3930448408512346,0.09244565428466257
8.399999999999865,0.26201845143139774,1.178887023530808,1.3955509075780141,0.09251185296612836
8.409999999999865,0.2620584831391282,1.1808072460005594,1.398060336012937,0.09257897131047091
8.419999999999865,0.26209923427762916,1.1827277313452487,1.4005731280199618,0.0926470200788583
8.429999999999865,0.2621407158311372,1.1846484789098886,1.4030892846128433,0.09271601001692523
8.439999999999864,0.2621829389127088,1.1865694880479047,1.4056088059193352,0.09278595184516007
8.449999999999864,0.26222591476149365,1.1884907581209083,1.4081316911444657,0.09285685624877443
8.459999999999864,0.2622696547396914,1.1904122884984576,1.4106579385328828,0.0929287338670357
8.469999999999864,0.2623141703291793,1.1923340785577976,1.4131875453302736,0.09300159528205125
8.479999999999864,0.26235947312778934,1.1942561276835846,1.4157205077438584,0.09307545100698457
8.489999999999863,0.2624055748452245,1.19617843526759,1.4182568209019668,0.09315031147369243
8.499999999999863,0.2624524872985884,1.1981010007083859,1.4207964788127072,0.09322618701976508
8.509999999999863,0.2625002224075194,1.2000238234110074,1.4233394743217354,0.09330308787495725
8.519999999999863,0.2625487921889072,1.201946902786597,1.4258857990691407,0.09338102414699469
8.529999999999863,0.262598208751171,1.2038702382520214,1.4284354434454671,0.09346000580674678
8.539999999999862,0.2626484842880867,1.2057938292294696,1.4309883965468873,0.09354004267274878
8.549999999999862,0.26269963107214084,1.207717675146022,1.4335446461295545,0.09362114439506364
8.559999999999862,0.26275166144739165,1.2096417754331976,1.4361041785631632,0.0937033204384792
8.569999999999862,0.26280458782182164,1.2115661295264717,1.438666978783746,0.09378658006502069
8.579999999999862,0.26285842265915893,1.2134907368647683,1.4412330302457466,0.09387093231578124
8.589999999999861,0.2629131784701518,1.2154155968899205,1.4438023148734054,0.09395638599205781
8.599999999999861,0.2629688678032736,1.2173407090461095,1.446374813011509,0.09404294963579403
8.60999999999986,0.26302550323484447,1.2192660727792606,1.4489505033755468,0.09413063150931686
8.61999999999986,0.26308309735854507,1.221191687536422,1.4515293630013346,0.09421943957438045
8.62999999999986,0.26314166277430967,1.2231175527650988,1.4541113671941668,0.09430938147050616
8.63999999999986,0.26320121207657654,1.2250436679125651,1.4566964894775583,0.09440046449262532
8.64999999999986,0.2632617578418815,1.226970032425135,1.4592847015416541,0.09449269556804188
8.65999999999986,0.2633233126157764,1.2288966457474009,1.4618759731913824,0.09458608123270153
8.66999999999986,0.2633858888990562,1.2308235073214406,1.4644702722944367,0.09468062760680224
8.67999999999986,0.2634494991332815,1.2327506165859845,1.4670675647291784,0.0947763403697451
8.68999999999986,0.26351415568558023,1.2346779729755486,1.4696678143325579,0.09487322473445052
8.699999999999859,0.26357987083271783,1.2366055759195318,1.472270982848159,0.09497128542105908
8.709999999999859,0.26364665674442306,1.2385334248412765,1.4748770298744835,0.09507052663004448
8.719999999999859,0.26371452546596,1.240461519157091,1.4774859128135884,0.09517095201476183
8.729999999999858,0.2637834888999378,1.2423898582752377,1.4800975868202093,0.09527256465347358
8.739999999999858,0.26385355878728073,1.2443184415949957,1.4827120047515379,0.09537536702086578
8.749999999999858,0.26392474668722876,1.2462472685059922,1.4853291171178542,0.09547936095907739
8.759999999999858,0.2639970639575747,1.2481763383859306,1.4879488720336025,0.09558454764854361
8.769999999999857,0.2640705217329739,1.250105650600057,1.4905712151700659,0.09569092757824371
8.779999999999857,0.26414513090288827,1.2520352044999692,1.493196089709098,0.09579850051573845
8.789999999999857,0.2642209020887632,1.2539649994223951,1.4958234362982663,0.09590726547698059
8.799999999999857,0.2642978456204433,1.2558950346879372,1.4984531930075933,0.09601722069595957
8.809999999999857,0.264375971511845,1.2578253095997873,1.5010852952880838,0.09612836359425136
8.819999999999856,0.2644552894359612,1.2597558234425537,1.503719675932301,0.09624069075057519
8.829999999999856,0.26453580869900467,1.261686575480767,1.5063562650369915,0.09635419787037848
8.839999999999856,0.2646175382138909,1.2636175649574115,1.5089949899681325,0.09646887975558939
8.849999999999856,0.2647004864731655,1.2655487910926637,1.5116357753287089,0.09658473027464891
8.859999999999856,0.26478466152123686,1.2674802530824882,1.5142785429292722,0.09670174233288426
8.869999999999855,0.2648700709260092,1.2694119500972212,1.5169232117615759,0.09681990784333785
8.879999999999855,0.26495672174995555,1.2713438812801432,1.5195696979755149,0.09693921769817063
8.889999999999855,0.26504462052067534,1.2732760457460424,1.5222179148596158,0.09705966174074784
8.899999999999855,0.2651337732009843,1.2752084425797776,1.5248677728253148,0.09718122873854042
8.909999999999854,0.2652241851585928,1.2771410708348399,1.5275191793952747,0.09730390635695532
8.919999999999854,0.26531586113543043,1.2790739295319238,1.5301720391959832,0.09742768113423533
8.929999999999854,0.26540880521668164,1.281007017657509,1.532826253954885,0.09755253845756323
8.939999999999854,0.26550302079960225,1.2829403341624588,1.5354817225022939,0.09767846254049882
8.949999999999854,0.2655985105621916,1.2848738779606454,1.5381383407783333,0.0978054364019087
8.959999999999853,0.2656952764318002,1.2868076479275998,1.5407960018451448,0.09793344184651409
8.969999999999853,0.2657933195537598,1.2887416428992042,1.5434545959046104,0.09806245944722063
8.979999999999853,0.265892640260125,1.290675861670423,1.5461140103218167,0.09819246852936776
8.989999999999853,0.2659932380386231,1.2926103029940879,1.5487741296544923,0.09832344715704812
8.999999999999853,0.26609511150191434,1.294544965579739,1.5514348356886327,0.09845537212165498
9.009999999999852,0.26619825835726374,1.296479848092532,1.5540960074805228,0.09858821893279086
9.019999999999852,0.266302675376741,1.2984149491522208,1.5567575214053497,0.09872196181169855
9.029999999999852,0.2664083583680582,1.30035026733222,1.5594192512125895,0.09885657368734863
9.039999999999852,0.2665153021461644,1.3022858011587561,1.5620810680883297,0.0989920261953208
9.049999999999851,0.26662350050572164,1.3042215491101214,1.5647428407246762,0.09912828967963129
9.059999999999851,0.2667329461945844,1.3061575096160296,1.5674044353963716,0.09926533319760818
9.069999999999851,0.26684363088841284,1.3080936810570873,1.5700657160447327,0.09940312452796013
9.07999999999985,0.26695554516654557,1.3100300617643894,1.5727265443689806,0.09954163018214138
9.08999999999985,0.2670686784892695,1.3119666500192437,1.5753867799250336,0.0996808154191127
9.09999999999985,0.26718301917661413,1.313903444053035,1.578046280231778,0.09982064426360321
9.10999999999985,0.26729855438880457,1.3158404420472336,1.5807049008848248,0.09996107952794413
9.11999999999985,0.26741527010850435,1.317777642133559,1.5833624956777208,0.10010208283754854
9.12999999999985,0.26753315123073007,1.3197150423903583,1.5860189168126928,0.10024361470151441
9.13999999999985,0.2676521823229955,1.321652640814682,1.5886740156447172,0.10038563484930967
9.14999999999985,0.26777234572207226,1.323590435393171,1.5913276413654078,0.10052810152786064
9.15999999999985,0.26789362253732785,1.3255284240649943,1.5939796419212946,0.10067097193654102
9.169999999999849,0.268015992643773,1.327466604722869,1.5966298641706107,0.10081420227134394
9.179999999999849,0.26813943467764023,1.3294049752142614,1.5992781540466265,0.1009577477727729
9.189999999999849,0.2682639260345944,1.3313435333427797,1.6019243567272543,0.10110156277741209
9.199999999999848,0.2683894428706768,1.333282276869753,1.6045683168106024,0.10124560077309543
9.209999999999848,0.2685159601060728,1.3352212035160003,1.6072098784961195,0.10138981445759132
9.219999999999848,0.2686434514317812,1.3371603109637906,1.609848885770943,0.10153415580068516
9.229999999999848,0.2687718893192587,1.3390995968589905,1.6124851826010138,0.10167857610952902
9.239999999999847,0.2689012450330965,1.3410390588133982,1.6151186131264947,0.10182302609710613
9.249999999999847,0.26903148864678145,1.3429786944072597,1.6177490218609887,0.10196745595363553
9.259999999999847,0.2691625890160866,1.3449185012800071,1.6203762539775841,0.10211181540190335
9.269999999999847,0.26929451384636527,1.3468584770429703,1.623000155428552,0.10225605379234574
9.279999999999847,0.26942722976628153,1.3487986191901304,1.6256205730645785,0.10240012020221986
9.289999999999846,0.26956070230777857,1.3507389251957804,1.6282373549335705,0.10254396349686985
9.299999999999846,0.2696948959375158,1.3526793925178697,1.6308503504903007,0.10268753241254089
9.309999999999846,0.26982977409140485,1.3546200186014854,1.6334594108062448,0.10283077564069298
9.319999999999846,0.26996529921218515,1.3565608008824586,1.6360643887789212,0.10297364191351567
9.329999999999846,0.2701014327899831,1.3585017367910837,1.638665139340049,0.1031160800903453
9.339999999999845,0.27023813540576774,1.3604428237559356,1.6412615196618217,0.10325803924464991
9.349999999999845,0.27037536694891967,1.3623840589339922,1.6438533891054823,0.10339946882107556
9.359999999999845,0.2705130863661147,1.36432543969981,1.6464406098744753,0.10354031860138202
9.369999999999845,0.2706512517905574,1.3662669635202103,1.6490230470901663,0.10368053882199067
9.379999999999844,0.2707898206471148,1.3682086278758538,1.6516005689062991,0.10382008028056397
9.389999999999844,0.27092874970857717,1.3701504302653071,1.6541730466953224,0.10395889442089301
9.399999999999844,0.27106799515404134,1.3720923682091086,1.6567403552286941,0.10409693341634861
9.409999999999844,0.2712075126292394,1.374034439253824,1.6593023728505214,0.10423415025157637
9.419999999999844,0.27134725730863124,1.3759766409760634,1.661858981643922,0.10437049880210446
9.429999999999843,0.2714871835630996,1.3779189715196605,1.6644100680754101,0.10450593375211743
9.439999999999843,0.2716272458328525,1.3798614285028898,1.6669555221436003,0.10464041099212071
9.449999999999843,0.27176739828537383,1.3818040095812083,1.6694952380316206,0.10477388752836474
9.459999999999843,0.27190759532903036,1.3837467119189526,1.6720291137700736,0.10490632172731876
9.469999999999843,0.27204779103546234,1.3856895329732193,1.6745570520483763,0.10503767312821931
9.479999999999842,0.27218793900714017,1.3876324707155123,1.6770789605161291,0.1051679024241
9.489999999999842,0.2723279917792879,1.3895755242964776,1.6795947524361636,0.1052969712603927
9.499999999999842,0.27246790374339236,1.391518691069017,1.6821043442451604,0.10542484338653786
9.509999999999842,0.2726076301164674,1.3934619677708124,1.6846076566388837,0.10555148428856564
9.519999999999841,0.27274712198425327,1.3954053551063892,1.687104618363675,0.10567685933251504
9.529999999999841,0.27288633534461304,1.3973488496328348,1.6895951597097691,0.10580093718377778
9.539999999999841,0.27302522484818603,1.3992924497497388,1.6920792174461883,0.10592368743956015
9.54999999999984,0.27316374107883545,1.4012361542922007,1.6945567275838533,0.10604507914221141
9.55999999999984,0.27330230897839103,1.4031798421227304,1.6970261412284577,0.10616496700697062
9.56999999999984,0.27344081624094474,1.4051235217532203,1.6994875233286144,0.10628332806446102
9.57999999999984,0.2735791567626149,1.407067201320321,1.7019409413134554,0.10640014214177851
9.58999999999984,0.2737172303950366,1.4090108885989217,1.7043864649222775,0.1065153917297508
9.59999999999984,0.27385494270577965,1.4109545910153496,1.7068241660388217,0.10662906185304077
9.60999999999984,0.2739922047457319,1.4128983156602777,1.7092541185303889,0.1067411399433301
9.61999999999984,0.2741289328234374,1.4148420693013175,1.7116763980919505,0.10685161571578418
9.62999999999984,0.2742650482863694,1.416785858395289,1.7140910820953765,0.10696048104895663
9.639999999999839,0.2744004773090928,1.418729689100163,1.7164982494438654,0.10706772986825847
9.649999999999839,0.27453515068825,1.4206735672866633,1.7188979804316316,0.10717335803308561
9.659999999999838,0.27466900364429386,1.4226174985495281,1.721290356608875,0.10727736322766733
9.669999999999838,0.27480197562987435,1.4245614882184285,1.723675460652035,0.10737974485567833
9.679999999999838,0.274934010144769,1.4265055413685446,1.7260533762393033,0.1074805039386329
9.689999999999838,0.27506505455724767,1.4284496628307957,1.7284241879313575,0.1075796430180566
9.699999999999838,0.27519505993174087,1.430393857201736,1.7307879810572535,0.10767716606142091
9.709999999999837,0.2753239808626825,1.4323381288531103,1.733144841605404,0.107773078371805
9.719999999999837,0.2754517753143871,1.4342824819410778,1.7354948561195533,0.10786738650124085
9.729999999999837,0.2755784044668182,1.4362269204151132,1.7378381115996508,0.10796009816768389
9.739999999999837,0.27570383256710135,1.4381714480265826,1.740174695407518,0.10805122217554093
9.749999999999837,0.27582802678662943,1.4401160683370102,1.7425046951771834,0.10814076833968911
9.759999999999836,0.27595095708361117,1.4420607847260365,1.7448281987297798,0.10822874741289085
9.769999999999836,0.2760725960709054,1.4440056003990764,1.7471452939928553,0.10831517101653913
9.779999999999836,0.2761929188889914,1.4459505183946866,1.749456068923987,0.1084000515746208
9.789999999999836,0.27631190308391557,1.4478955415916517,1.7517606114385496,0.1084834022508242
9.799999999999836,0.276429528490068,1.4498406727157902,1.7540590093415056,0.10856523688868434
9.809999999999835,0.27654577711763206,1.4517859143464975,1.7563513502630888,0.10864556995466688
9.819999999999835,0.2766606330445572,1.4537312689230282,1.7586377215982278,0.10872441648410387
9.829999999999835,0.27677408231290646,1.455676738750527,1.7609182104495866,0.10880179202987154
9.839999999999835,0.276886112829433,1.4576223260058188,1.763192903574079,0.1088777126137125
9.849999999999834,0.2769967142702415,1.4595680327429608,1.765461887332721,0.10895219468011368
9.859999999999834,0.2771058779893905,1.4615138608985738,1.7677252476436942,0.10902525505262967
9.869999999999834,0.27721359693130276,1.463459812296949,1.7699830699384802,0.10909691089256636
9.879999999999834,0.2773198655468413,1.4654058886549497,1.772235439120946,0.10916717965992392
9.889999999999834,0.27742467971292556,1.4673520915867044,1.774482439529249,0.10923607907650755
9.899999999999833,0.2775280366555547,1.4692984226081098,1.77672415490044,0.10930362709112268
9.909999999999833,0.2776299348761149,1.4712448831411415,1.7789606683376455,0.10936984184674882
9.919999999999833,0.277730374080846,1.4731914745179862,1.7811920622797124,0.10943474164962928
9.929999999999833,0.2778293551133515,1.475138197984999,1.783418418473199,0.10949834494016923
9.939999999999833,0.2779268798900363,1.4770850547064922,1.7856398179466069,0.10956067026558011
9.949999999999832,0.2780229513383591,1.4790320457683668,1.7878563409867447,0.10962173625417643
9.959999999999832,0.2781175733262831,1.4809791722478056,1.790068067134478,0.10968156158285873
9.969999999999832,0.2782107506124045,1.4829264351740774,1.7922750751534444,0.10974016495957718
9.979999999999832,0.278302488812948,1.4848738354134716,1.794477442981336,0.10979756511730095
9.989999999999831,0.2783927943337281,1.4868213737682445,1.7966752477392176,0.10985378078229834
9.999999999999831,0.27848167432031373,1.488769050980869,1.7988685657173153,0.10990883065551238
